address,eth,deployed_at,sighashes,name,verified,creator,creation_tx
0xc02aaa39b223fe8d0a0e5c4f27ead9083c756cc2,2281335.564528214,2017-12-12 11:17:35+00:00,"0x06fdde03,0x095ea7b3,0x18160ddd,0x23b872dd,0x2e1a7d4d,0x313ce567,0x70a08231,0x95d89b41,0xa9059cbb,0xd0e30db0,0xdd62ed3e,0xffffffff",WETH9,True,0x4F26FfBe5F04ED43630fdC30A87638d53D0b0876,0xb95343413e459a0f97461812111254163ae53467855c0d73e0f1e7c5b8442fa3
0xbf4ed7b27f1d666546e30d74d50d173d20bca754,81504.470002404,2016-07-14 12:25:05+00:00,"0x2e6e504a,0x3ccfd60b,0xeedcf50a,0xfdf97cb2",WithdrawDAO,True,0x2Ef1f605AF5d03874eE88773f41c1382ac71C239,0xfeae1ff3cf9b6927d607744e3883ea105fb16042d4639857d9cfce3eba644286
0x8d12a197cb00d4747a1fe03395095ce2a5cc6819,15214.5418153,2017-02-09 22:50:04+00:00,"0x0a19b14a,0x0b927666,0x19774d43,0x278b8c0e,0x2e1a7d4d,0x338b5dea,0x46be96c3,0x508493bc,0x54d03b5c,0x57786394,0x5e1d7ae4,0x65e17c9d,0x6c86888b,0x71ffcb16,0x731c2f81,0x8823a9c0,0x8f283970,0x9e281a98,0xbb5f4629,0xc281309e,0xd0e30db0,0xe8f6bc2e,0xf3412942,0xf7888aec,0xf851a440,0xfb6e155f,0xffffffff",EtherDelta,True,0x1ed014aEc47fAe44C9E55bAC7662c0b78Ae61798,0xc10fc67499a037b6c2f14ae0c63b659b05bd7b553378202f96e777dd4843130f
0xdd9fd6b6f8f7ea932997992bbe67eabb3e316f3c,3391.031006783,2018-08-06 13:21:20+00:00,"0x018a25e8,0x06fdde03,0x079ce327,0x0d4f381a,0x0f15f4c0,0x10f01eba,0x11a09ae7,0x24c33d33,0x2660316e,0x2ce21999,0x2e19ebdc,0x349cdcac,0x3ccfd60b,0x3ddd4698,0x437bcc66,0x49cc635d,0x5893d481,0x5c90895c,0x624ae5c0,0x63066434,0x685ffd83,0x6a42b8f8,0x747dff42,0x78c58490,0x82bfc739,0x8a898590,0x8da5cb5b,0x8f38f309,0x8f7140ea,0x921dec21,0x94f3bdf9,0x95d89b41,0x98a0871d,0xa2bccae9,0xa65b37a1,0xc1eb5ddd,0xc519500e,0xc7e284b8,0xc82666fc,0xcb8c478a,0xce89c80c,0xce93d7d2,0xcf808000,0xd53b2679,0xd87574e0,0xde7874f3,0xe5ba1f40,0xed78cf4a,0xee0b5d8b,0xf2fde38b,0xf9a6d8ca,0xffffffff",,False,0xEAe69cADEB04E66767bD69f52e0fFFc28E37d799,0xa95996065857940e85c1e7f83a91eb83d56b7e11f718a701c05eef02991c9215
0xb59a226a2b8a2f2b0512baa35cc348b6b213b671,3385.428922792,2017-11-08 16:04:32+00:00,"0x06fdde03,0x095ea7b3,0x18160ddd,0x23b872dd,0x2e1a7d4d,0x313ce567,0x54fd4d50,0x57875631,0x70a08231,0x95d89b41,0xa9059cbb,0xbe45fd62,0xcae9ca51,0xd0e30db0,0xdd62ed3e,0xf5d60a51,0xfc772c8b,0xffffffff",EtherToken,True,0x005705952EA259375B88F13467D5aBDd82F9AD90,0x6ad248c7e0ce88c26e8d5541ae6f701f1407a6190e9ba9ab1f008094865439a2
0xb47e3cd837ddf8e4c57f05d70ab865de6e193bbb,3200.179710691,2017-06-22 19:40:00+00:00,"0x06fdde03,0x088f11f3,0x091dbfd2,0x18160ddd,0x23165b75,0x313ce567,0x39c5dde6,0x3ccfd60b,0x51605d80,0x52f29a25,0x58178168,0x5a3b7e42,0x6e743fa9,0x70a08231,0x7ecedac9,0x8126c38a,0x8264fe98,0x8b72a2ec,0x95d89b41,0x979bc638,0xa75a9049,0xbf31196f,0xc0d6ce63,0xc44193c3,0xc81d1d5b,0xf3f43703,0xf6eeff1e,0xffffffff",CryptoPunksMarket,True,0xC352B534e8b987e036A93539Fd6897F53488e56a,0x0885b9e5184f497595e1ae2652d63dbdb2785de2e498af837d672f5765f28430
0x4d55f76ce2dbbae7b48661bef9bd144ce0c9091b,2480.192238547,2017-09-05 02:41:14+00:00,"0x0a19b14a,0x0b927666,0x19774d43,0x278b8c0e,0x2e1a7d4d,0x338b5dea,0x3fb9950a,0x46be96c3,0x508493bc,0x54d03b5c,0x57786394,0x5e1d7ae4,0x65e17c9d,0x6c86888b,0x71ffcb16,0x731c2f81,0x8823a9c0,0x8f283970,0x9e281a98,0xbb5f4629,0xc281309e,0xd0e30db0,0xe8f6bc2e,0xf3412942,0xf7888aec,0xf851a440,0xfa2d9ff0,0xfb6e155f,0xffffffff",,False,0x4499514831219Df01cf5D6B66C76cA9D76ac4F74,0xbe183f72249e0b9f969baafe3372e2fdaba4e9cc9dede926498b1b65da948bfe
0xb3775fb83f7d12a36e0475abdd1fca35c091efbe,2069.721226126,2018-02-25 19:04:03+00:00,"0x06fdde03,0x10d0ffdd,0x18160ddd,0x22609373,0x27defa1f,0x313ce567,0x392efb52,0x3ccfd60b,0x4b750334,0x56d399e8,0x688abbf7,0x6b2f4632,0x70a08231,0x8328b610,0x8620410b,0x89135ae9,0x949e8acd,0x95d89b41,0xa8e04f34,0xa9059cbb,0xb84c8246,0xc47f0027,0xe4849b32,0xe9fad8ee,0xf088d547,0xfdb5a03e,0xffffffff",Hourglass,True,0x8b4DA1827932D71759687f925D17F81Fc94e3A9D,0xed891f0178795ec91485a62bdbb95472ae968d885f47f6b9d3e7cb380595fb14
0xecf8f87f810ecf450940c9f60066b4a7a501d6a7,1513.842587499,2016-06-12 06:12:31+00:00,"0x095ea7b3,0x18160ddd,0x23b872dd,0x2e1a7d4d,0x70a08231,0xa9059cbb,0xd0e30db0,0xdd62ed3e",,False,0x215CDb146e557600547809d5C31521d61853E396,0xce14a37dad05519b6737233dd7be43d93824b36a9e3fddbe0e49224f54f710d6
0xa62142888aba8370742be823c1782d17a0389da1,1106.270657445,2018-07-06 11:17:45+00:00,"0x018a25e8,0x06fdde03,0x079ce327,0x0f15f4c0,0x10f01eba,0x11a09ae7,0x24c33d33,0x2660316e,0x2ce21999,0x2e19ebdc,0x349cdcac,0x3ccfd60b,0x3ddd4698,0x49cc635d,0x5893d481,0x624ae5c0,0x63066434,0x685ffd83,0x747dff42,0x82bfc739,0x8f38f309,0x8f7140ea,0x921dec21,0x95d89b41,0x98a0871d,0xa2bccae9,0xa65b37a1,0xb483c054,0xc519500e,0xc7e284b8,0xce89c80c,0xcf808000,0xd53b2679,0xd87574e0,0xde7874f3,0xed78cf4a,0xee0b5d8b,0xffffffff",FoMo3Dlong,True,0xF39e044e1AB204460e06E87c6dca2c6319fC69E3,0xf63e775e10b0f662574ab49cd4c080ddcda8ca7d0012b5f0fbf0b03ad1c977ac
0x755cdba6ae4f479f7164792b318b2a06c759833b,977.498258383,2016-09-07 18:01:50+00:00,"0x2526d960,0x3ccfd60b,0xeedcf50a,0xfdf97cb2",,False,0xd68ba7734753e2eE54103116323aBA2D94C78dC5,0xfd3034640f828e8ce6c859c92064904f968779f42b3c2bff8a971f0df830dacf
0x9a2d163ab40f88c625fd475e807bbc3556566f80,855.096498166,2017-11-07 02:03:20+00:00,"0x0a19b14a,0x0b927666,0x19774d43,0x278b8c0e,0x2e1a7d4d,0x338b5dea,0x46be96c3,0x508493bc,0x54d03b5c,0x57786394,0x5e1d7ae4,0x65e17c9d,0x6c86888b,0x71ffcb16,0x731c2f81,0x8823a9c0,0x8f283970,0x9e281a98,0xbb5f4629,0xc281309e,0xd0e30db0,0xe8f6bc2e,0xf3412942,0xf7888aec,0xf851a440,0xfb6e155f,0xffffffff",Dex,True,0xCC14D280dF5a2f39d26944BA8E97690C82f24908,0x3693cdf7af88c0ccc01f32dddde09e2012afb598a0c6913cb7d730e0a04cfb3f
0x9fa8fa61a10ff892e4ebceb7f4e0fc684c2ce0a9,727.973843237,2016-08-29 10:47:01+00:00,"0x02410cf6,0x044a5f97,0x06fdde03,0x089aa819,0x0c103837,0x0c3b7b96,0x0d40e8d6,0x14841164,0x1d107603,0x1f2dc5ef,0x21d3523c,0x313ce567,0x342d9185,0x35d37dbb,0x42750020,0x44440a59,0x4845d3f8,0x490fc399,0x4b6753bc,0x53bc147e,0x5474fbd3,0x558305f9,0x56a3f4ef,0x5b6aa3c2,0x60d3e4c5,0x67cf91c9,0x6b9c1d22,0x70606cda,0x70a08231,0x73f5f8ee,0x7412c223,0x7895f853,0x7c2b8d0a,0x7e4a1731,0x81dd70db,0x8c32e774,0x9496df3f,0x95d89b41,0x9bd90aae,0x9cb74ab6,0x9e47214a,0xa8d5652e,0xa9059cbb,0xa988e371,0xab71b8ac,0xadbda5a8,0xaea3ad8c,0xb656e9f4,0xba0bface,0xbf53e3ba,0xc86a9dea,0xcdd8d4e8,0xcfebb88b,0xda228f9c,0xdc7049bf,0xdf234815,0xe0e32504,0xe2649caf,0xe84f7054,0xfb75b2c7,0xfea5d7b1,0xffa309e4",HONG,True,0x1b3F59C28f5C6ffC10E36cE7F2ed1b8a18640376,0xd33e56b5e85fb5a992f0a2f643d51bb0c751255716ce27d19154a03718a920c0
0x167cb3f2446f829eb327344b66e271d1a7efec9a,660.417200423,2018-04-10 20:56:48+00:00,"0x06fdde03,0x10d0ffdd,0x18160ddd,0x22609373,0x27defa1f,0x313ce567,0x392efb52,0x3ccfd60b,0x4b750334,0x56d399e8,0x688abbf7,0x6b2f4632,0x70a08231,0x8328b610,0x8620410b,0x89135ae9,0x949e8acd,0x95d89b41,0xa8e04f34,0xa9059cbb,0xb84c8246,0xc47f0027,0xe4849b32,0xe9fad8ee,0xf088d547,0xfdb5a03e,0xffffffff",GandhiJi,True,0xf7739B3DEC6Eb07761ad88b8F43F6357836bE9c3,0x0b936d973bb83401f669aa574e019e6cf70a3eb9c0fc90b4beb852fda58dba93
0x1ce7ae555139c5ef5a57cc8d814a867ee6ee33d8,632.842494199,2017-07-30 23:17:12+00:00,"0x0a19b14a,0x0e136b19,0x19774d43,0x278b8c0e,0x2d804ca2,0x2e1a7d4d,0x338b5dea,0x38ec18c3,0x3c2e2a75,0x48d64fd5,0x508493bc,0x54fd4d50,0x59015ed5,0x6a1db1bf,0x6a523c5e,0x6c86888b,0x6ff968c3,0x71ffcb16,0x8da5cb5b,0x9e281a98,0xb719d032,0xbe3dd131,0xd0e30db0,0xddca3f43,0xe6213127,0xf2fde38b,0xf7888aec,0xfb6e155f,0xffffffff",TokenStore,True,0x44a93F553Bd529c19386b2DDfA30F458B0bc3B20,0x386439acefbf00018b318f283a9ebc6185c483ff6738117243dba40fc1b42bb6
0x0b7dc5a43ce121b4eaaa41b0f4f43bba47bb8951,475.679130181,2018-11-12 13:22:22+00:00,"0x06fdde03,0x095ea7b3,0x18160ddd,0x23b872dd,0x2e1a7d4d,0x313ce567,0x54fd4d50,0x57875631,0x64663ea6,0x70a08231,0x8291286c,0x926c196a,0x95d89b41,0xa9059cbb,0xbe45fd62,0xcae9ca51,0xd0e30db0,0xdd62ed3e,0xf5d60a51,0xfc772c8b,0xffffffff",EtherToken,True,0x08712307A86632b15d13ECfEBe732c07Cc026915,0x48772813a89bf291f72c0e12be2fa5983557bec70d434c0f13f2e212e789fc77
0xab83d96de35bad6f234178fbb6507203488e9626,468.011831222,2018-09-06 08:32:55+00:00,"0x018a25e8,0x06fdde03,0x07aace5f,0x0da31331,0x0ecb93c0,0x0f15f4c0,0x10f01eba,0x11a09ae7,0x24c33d33,0x27d87924,0x2e19ebdc,0x35eb5208,0x3b368f2e,0x3ccfd60b,0x49cc635d,0x4c38c366,0x624ae5c0,0x63066434,0x747dff42,0xa2bccae9,0xadec325b,0xaeeed0db,0xb509c394,0xc7e284b8,0xcd133c8f,0xce57298e,0xce89c80c,0xcf808000,0xd32d0da2,0xd53b2679,0xd87574e0,0xde7874f3,0xee0b5d8b,0xf32306d2,0xf5f7a21d,0xffffffff",,False,0xE003d8A487ef29668d034f73F3155E78247b89cb,0x9847658d73b6f0eb3a71e3acaf659cc81321bc5cc65d121981fe0cc27ffec510
0xd48b633045af65ff636f3c6edd744748351e020d,278.525241076,2018-07-27 08:45:17+00:00,"0x03d499ef,0x06fdde03,0x095ea7b3,0x0c3c450e,0x10d0ffdd,0x18160ddd,0x19fb361f,0x1b1686b6,0x214dda84,0x22609373,0x23b872dd,0x269a7c3f,0x27dffba6,0x2a9121c7,0x313ce567,0x3c7d6f30,0x4b750334,0x4c146f38,0x51392041,0x51cff8d9,0x56d399e8,0x5c658165,0x5ccb5460,0x6135e084,0x627aa6d2,0x677342ce,0x688abbf7,0x68955fb1,0x6a3a2119,0x6b2f4632,0x70a08231,0x724fcd4c,0x76be1585,0x7b89eef2,0x8328b610,0x87c95058,0x95d89b41,0x96242f41,0x965447d9,0xa3a06c54,0xa6d87f7d,0xa78bcf6e,0xa9059cbb,0xb1f253f6,0xb607068c,0xb84c8246,0xbcaa218e,0xbf3b397b,0xc47f0027,0xc4dbf622,0xccb53365,0xd161b56a,0xe4849b32,0xe9fad8ee,0xf088d547,0xf2f8569f,0xf42c56c2,0xf8ead7cf,0xfdb5a03e,0xfdc89f73,0xffcb1edb,0xffffffff",Zethr,True,0x11e52c75998fe2E7928B191bfc5B25937Ca16741,0xfe74a07fb33986b12af3ae0ff1baceded07bd466b4bf134c07146bf63d8815b8
0x60cd862c9c687a9de49aecdc3a99b74a4fc54ab6,233.378979085,2017-08-09 04:36:06+00:00,"0x05ca3557,0x06fdde03,0x0f15f4c0,0x0ff3687b,0x18160ddd,0x196ee9c7,0x1be70510,0x295a5212,0x2f598404,0x313ce567,0x36ae31ec,0x3894ca57,0x3ccfd60b,0x434b1208,0x4946e206,0x5281947d,0x5d89c01a,0x70a08231,0x711d649b,0x74fe6dea,0x76b39cf9,0x8edc707b,0x8ff95fa8,0x95d89b41,0x98f32d1d,0x9d8df6dd,0xa318d521,0xa40c8ad0,0xa4202615,0xae4f1476,0xb269eaff,0xbec6bc67,0xd4a03f60,0xd728b6db,0xe65bbceb,0xee04b4b9,0xf3f43703,0xf884e54a,0xffffffff",MoonCatRescue,True,0xA97F8fFC8F8E354475880448334e4e99A0e7212F,0x79d48c41b99f0ac8f735dbf4d048165542576862df2b05a80be9a4dbe233a623
0x4aea7cf559f67cedcad07e12ae6bc00f07e8cf65,221.058365881,2016-08-30 16:52:14+00:00,"0x0a19b14a,0x278b8c0e,0x2e1a7d4d,0x338b5dea,0x57786394,0x65e17c9d,0x6c86888b,0x93f0bb51,0x9e281a98,0xc281309e,0xd0e30db0,0xf7888aec,0xfb6e155f",,False,0x39677e1c40aC89290B87173d4f28542816bd077d,0x4455a19df88b461e12fcf5ec08a395eefd29518dbab9b28c32c48732eaaa006d
0x5eee354e36ac51e9d3f7283005cab0c55f423b23,216.303659606,2018-08-17 11:29:30+00:00,"0x12065fe0,0x2e1a7d4d,0x715018a6,0x7252bbf2,0x853828b6,0x8da5cb5b,0xa6f2ae3a,0xf2fde38b,0xffffffff",ArbitrageETHStaking,True,0x85DAa193f8C87db2E3214F871A7af1Dc9ED40D6d,0x31bb4b07dddbc0c58b1c88984016bcb2c781945b9afaa7e711dbe8e86a65ef59
0xb9fbe1315824a466d05df4882ffac592ce9c009a,200.0,2018-08-22 08:27:39+00:00,"0x0ef845df,0x0fb5a6b4,0x146ca531,0x38af3eed,0x3f19d043,0x41c0e1b5,0x51dc78df,0x68ec0d99,0x752430df,0x78e97925,0x8da5cb5b,0xa6801cbd,0xc4d66de8,0xc50c0d78,0xf2fde38b,0xf54a2ddc,0xfa89401a,0xfb86a404,0xffffffff",InstantListingV2,True,0x5F1b8646ae045B537B413eE8aCC1B9982d6242b5,0x11e2f3d525f0ea975502424b392d4e2662549a7103a718ec90f1d4c0d5289d42
0x575cb87ab3c2329a0248c7d70e0ead8e57f3e3f7,191.109518427,2017-08-27 18:53:16+00:00,"0x014d0f68,0x06fdde03,0x2b9edee9,0x3197cbb6,0x38af3eed,0x3ccfd60b,0x4e71d92d,0x590e1ae3,0x5c071492,0x5da89ac0,0x5ed7ca5b,0x63bce4e7,0x6bd31a56,0x78e97925,0x7d1710e4,0x84bcefd4,0x8da5cb5b,0x906a26e0,0x92b6641a,0xb9b8af0b,0xbaa3f7ee,0xc38ad273,0xcb3e64fd,0xd7e64c00,0xece84fd5,0xf2fde38b,0xf9718fc8,0xfc0c546a,0xffffffff",AhooleeTokenSale,True,0xdDBC86c2E739Ce2F8E3865edE799a239336a2db1,0x187e212d1ce862f1dc89662674c28fdff6212b143f4b4b595ff0e34be98ffc1b
0xded908300de55de29f13ce996123a0fe2d2b5aad,190.0,2017-03-08 21:37:39+00:00,"0x2e1a7d4d,0x38d52e0f,0x4b750334,0x4ca50f59,0x8d92fdf3,0x8da5cb5b,0x976a8435,0x9e281a98,0xa6f2ae3a,0xce5e84a3,0xf2fde38b",TokenTrader,True,0xC4aF56cD5254Aef959D4BcE2F75874007808b701,0x6696a1b250826607420a8ac5989cece31aadc294713ebdfb92798a4a627e6ec0
0x2956356cd2a2bf3202f771f50d3d14a367b48070,172.067496541,2017-08-11 21:45:03+00:00,"0x06fdde03,0x095ea7b3,0x18160ddd,0x23b872dd,0x2e1a7d4d,0x313ce567,0x70a08231,0x95d89b41,0xa9059cbb,0xd0e30db0,0xdd62ed3e,0xffffffff",EtherToken,True,0xa3b2d1087bCEBe59d188a23F75620612d967DF72,0x032e18ec53899fe773b529c6f553baa9eff14ecb793a81987eab8e04a32dc74e
0xdd637dda8a1c9b6b1687877615a75da0fe8af5cc,138.261463503,2018-02-16 15:35:03+00:00,"0x0be479e1,0x14614af9,0x17f708fb,0x19f363bc,0x2b55b792,0x2d923501,0x2e1a7d4d,0x4d5a8e10,0x54fd4d50,0x7c422f1d,0x853828b6,0x89fb8a48,0x9aae82c1,0xa9cc4718,0xc0ee0b8a,0xc2fbe7bc,0xd0e30db0,0xd3c4c4d0,0xdef86cbb,0xf91c7ca3,0xfffe58a2,0xffffffff",,False,0xDb499Bc1218643A4fb02FE69e14F2823cb6d0C7e,0x9ed712d1712e7a1582ee8b80647c4bdf430f1a4cee24c3fea038d6463ca956f0
0x00000000a8f806c754549943b6550a2594c9a126,138.24,2018-11-17 09:35:14+00:00,"0x2e1a7d4d,0xcb3b3ab3,0xffffffff",CKBirthBot,True,0x6a05Fc6615C4F2bc872901876744b81F2414f44f,0xa4540bb6a28be9af2b779e2027e491b22bb8638585bb296c4642b625e3ff68d2
0x0ad3227eb47597b566ec138b3afd78cfea752de5,136.639327977,2018-07-20 17:49:34+00:00,"0x018a25e8,0x06fdde03,0x079ce327,0x0f15f4c0,0x10f01eba,0x11a09ae7,0x24c33d33,0x2660316e,0x2ce21999,0x2e19ebdc,0x349cdcac,0x3ccfd60b,0x3ddd4698,0x49cc635d,0x5893d481,0x624ae5c0,0x63066434,0x685ffd83,0x747dff42,0x82bfc739,0x8f38f309,0x8f7140ea,0x921dec21,0x95d89b41,0x98a0871d,0xa2bccae9,0xa65b37a1,0xc519500e,0xc7e284b8,0xce89c80c,0xcf808000,0xd53b2679,0xd87574e0,0xde7874f3,0xed78cf4a,0xee0b5d8b,0xffffffff",FoMo3Dshort,True,0x5939DC3cA45d14232CedB2135b47A786225Be3e5,0x73e69b2f442f290b4ec3a6c6001b86ac25fd85234a1156e29a2dae542e452c1b
0xb216fd970d75c6f7bf7d37d0667dc98c7cc7bb1a,129.4,2017-03-16 15:38:29+00:00,"0x2e1a7d4d,0x38d52e0f,0x4b750334,0x4ca50f59,0x8d92fdf3,0x8da5cb5b,0x976a8435,0x9e281a98,0xa6f2ae3a,0xce5e84a3,0xf2fde38b",TokenTrader,True,0xC4aF56cD5254Aef959D4BcE2F75874007808b701,0xf363d7dbdb872905bc1d2c0bd0189f133ce9823238f6728c2c7efbe3ec097df6
0x373c55c277b866a69dc047cad488154ab9759466,122.657541385,2016-10-24 19:00:11+00:00,"0x0a19b14a,0x0b927666,0x19774d43,0x278b8c0e,0x2e1a7d4d,0x338b5dea,0x46be96c3,0x508493bc,0x54d03b5c,0x57786394,0x5e1d7ae4,0x65e17c9d,0x6c86888b,0x71ffcb16,0x731c2f81,0x8823a9c0,0x8f283970,0x9e281a98,0xbb5f4629,0xc281309e,0xd0e30db0,0xe8f6bc2e,0xf3412942,0xf7888aec,0xf851a440,0xfb6e155f",EtherDelta,True,0x1ed014aEc47fAe44C9E55bAC7662c0b78Ae61798,0x49b849e8ddf130049a21ffcc7a86304704471b59497c47f724c8351bdd36f992
0xc4c51de1abf5d60dbd329ec0f999fd8f021ae9fc,122.072520887,2015-08-12 15:21:01+00:00,"0x021991e7,0x03750d94,0x06b5f02d,0x0d1fce42,0x0e1da6c3,0x0f06670a,0x2d9a37d3,0x2e1a7d4d,0x2fac1d36,0x46b305d6,0x55b775ea,0x839930ba,0x8772ae3c,0x8d216186,0xa094a031,0xa1b9af31,0xadd4c784,0xbd66528a,0xc7cf28fe,0xcb96012e,0xd8389dc5",,False,0x87C5B5874A18B4306DF8a752a6C8cc3E82daFc19,0x4a1315e93649ab14ce0a0d4c6e9d15ff711e5b16e5c3e885753add2e7bca9b24
0x05aa2fdf9f58b426b49900834cce0565d88e52eb,120.215216327,2018-08-15 05:18:39+00:00,"0x018a25e8,0x06fdde03,0x0b864f26,0x0d261c25,0x0f15f4c0,0x10f01eba,0x11a09ae7,0x24c33d33,0x27d87924,0x2ce21999,0x2e19ebdc,0x3ccfd60b,0x4b227176,0x5fd9a484,0x624ae5c0,0x63066434,0x6c52660d,0x7092dd3b,0x747dff42,0x76c008c9,0x95d89b41,0x9baa66f7,0x9be5bb0d,0xa071c7ac,0xb81d3c0a,0xbade2c65,0xc2c46413,0xc7e284b8,0xca93e3c2,0xcf808000,0xd53b2679,0xd87574e0,0xdcc617bd,0xec2a6e3d,0xee0b5d8b,0xffffffff",,False,0x2265D75DC1bf9E447d4D87d72aF998d87e609b9d,0xbe6ebc45871c731a349c4072de1600b4cb5da6d021d87796d42fc66f86c22374
0xb9ab8eed48852de901c13543042204c6c569b811,111.68391285,2018-09-27 10:57:27+00:00,"0x03d499ef,0x06fdde03,0x095ea7b3,0x0c3c450e,0x0ec0fce5,0x10d0ffdd,0x18160ddd,0x19fb361f,0x1b1686b6,0x214dda84,0x22609373,0x23b872dd,0x269a7c3f,0x27dffba6,0x2a9121c7,0x313ce567,0x3c7d6f30,0x4b750334,0x4c146f38,0x51392041,0x51cff8d9,0x56d399e8,0x5c658165,0x5ccb5460,0x6135e084,0x627aa6d2,0x677342ce,0x688abbf7,0x68955fb1,0x6a3a2119,0x6b2f4632,0x70a08231,0x724fcd4c,0x74580e2f,0x76be1585,0x7b89eef2,0x8328b610,0x87c95058,0x95d89b41,0x96242f41,0x965447d9,0xa3a06c54,0xa6d87f7d,0xa6f9dae1,0xa78bcf6e,0xa9059cbb,0xb1f253f6,0xb607068c,0xb84c8246,0xbcaa218e,0xbf3b397b,0xc47f0027,0xc4dbf622,0xccb53365,0xd161b56a,0xe4849b32,0xe9fad8ee,0xf088d547,0xf2f8569f,0xf42c56c2,0xf8ead7cf,0xfdb5a03e,0xfdc89f73,0xffcb1edb,0xffffffff",Zethr,True,0x7847AD4bB2f61bA8702c0Ad43BdE2762c0021715,0xb76d150e188c6485eaf92c93ff8029c6c750ddcb600b441d1c6dcd81ef3c65b7
0xd2bfceeab8ffa24cdf94faa2683df63df4bcbdc8,109.710816886,2018-10-07 06:49:53+00:00,"0x06fdde03,0x0f34dc16,0x10d0ffdd,0x18160ddd,0x22609373,0x27defa1f,0x294205b4,0x313ce567,0x3ccfd60b,0x4000aea0,0x4b750334,0x56d399e8,0x5e079aa5,0x66042e7a,0x688abbf7,0x6b2f4632,0x70a08231,0x76be1585,0x7ff276bd,0x8328b610,0x8620410b,0x87c95058,0x8974372d,0x949e8acd,0x95d89b41,0xa4d55686,0xa9059cbb,0xb84c8246,0xc47f0027,0xe4849b32,0xe9fad8ee,0xf088d547,0xfdb5a03e,0xffffffff",DailyDivs,True,0x0E7b52B895E3322eF341004DC6CB5C63e1d9b1c5,0x712f68d32f015c9b06bfb25375fe69c27a5b0967f56fb7caa5fad589760dcd93
0x4d1886daf2617cbd9e27abfd0f18a54f04f33c41,107.532795833,2017-10-31 09:48:49+00:00,"0x07d52fa8,0x20869f85,0x270df9b5,0x33c50420,0x3ccfd60b,0x4ae26eb3,0x517125fa,0x53f4db01,0x63b20117,0x6b64c769,0x8038b999,0x8581e4ca,0x8f84aa09,0x8fa8b790,0x97f2f5c3,0x9cc5b2b7,0x9d76ea58,0xa5c83622,0xaab64305,0xbff99c6c,0xd0576231,0xd0e30db0,0xd5435a82,0xe488cd9f,0xe797ac87,0xf9431110,0xfc0c546a,0xffffffff",,False,0xA7f00de671ebEB1b04C19a00842ff1d980847f0B,0x8b61b1ea09cd753e65468b2138cfc9c695efd41b4b660cc782bc6a8e1e7a1939
0x728781e75735dc0962df3a51d7ef47e798a7107e,107.27511923,2017-09-08 00:10:29+00:00,"0x06fdde03,0x079ee6b3,0x095ea7b3,0x112ea262,0x18160ddd,0x189d165e,0x23b872dd,0x2659d8ef,0x2f7a407b,0x313ce567,0x32c6f315,0x3bee0613,0x3d8c9b8c,0x421521b1,0x4bb278f3,0x54b8dfcb,0x590e1ae3,0x5e0b1259,0x64da8ad3,0x6712e0be,0x673b57e9,0x685c234a,0x6c9c1d41,0x70a08231,0x714d497a,0x726df9cc,0x79ba5097,0x7e1c0c09,0x823ba0b8,0x826c69b8,0x847dc0a7,0x8da5cb5b,0x8ea8e149,0x9075becf,0x95d89b41,0x99dd1ed9,0x9a436c9b,0xa10954fe,0xa9059cbb,0xacac0b9f,0xad7e01c8,0xb1a9bd77,0xb57e6ea1,0xb87fb3db,0xbcbfe43c,0xc5b15057,0xcba9c0e0,0xd4ee1d90,0xdd62ed3e,0xde179108,0xe814c941,0xef2fa169,0xf2e1192a,0xf2fde38b,0xf7dadf7d,0xf7fca4f4,0xfa6b129d,0xff0935b1,0xffffffff",WolkExchange,True,0xD80A4004350027F618107Fe3240937d54E46c21b,0xbd0cf5f0e248905d36c5c29fb3542bc1e350278952c5d49b72275f752c28c81a
0xc3c12a9e63e466a3ba99e07f3ef1f38b8b81ae1b,101.280608131,2019-03-12 01:31:13+00:00,"0x0a19b14a,0x0b927666,0x14577c55,0x19774d43,0x278b8c0e,0x2e1a7d4d,0x338b5dea,0x46be96c3,0x508493bc,0x54d03b5c,0x57786394,0x5e1d7ae4,0x65e17c9d,0x6c86888b,0x71ffcb16,0x731c2f81,0x8823a9c0,0x8f283970,0x9e281a98,0xbb5f4629,0xc281309e,0xd0e30db0,0xd9d412e6,0xf7888aec,0xf851a440,0xfb6e155f,0xffffffff",,False,0x194AFBF7A5000eEF3e166E1771EfbAf5bf9f8611,0x851a9258e2e169a6b2a24fa1e8423a498340e47342897c31c811744919572dc8
0x48c128eafc3b937fb1f97889ad174ac02b4952cb,98.47882716,2018-02-05 23:28:17+00:00,"0x0be479e1,0x14614af9,0x17f708fb,0x19f363bc,0x2b55b792,0x2d923501,0x2e1a7d4d,0x4d5a8e10,0x54fd4d50,0x7ae20c59,0x7c422f1d,0x853828b6,0x89fb8a48,0x9aae82c1,0xa9cc4718,0xc0ee0b8a,0xc2fbe7bc,0xd0e30db0,0xd3c4c4d0,0xdef86cbb,0xf91c7ca3,0xfffe58a2,0xffffffff",,False,0x2D3dE43572ADd0c5E15DD32d017bfA948AA1fB75,0x763e909d2b7feb4e89a96517a9725ddb1ad8910ac160ae667e97bf2362e8c14d
0x25a06d4e1f804ce62cf11b091180a5c84980d93a,98.272005545,2019-04-17 13:37:55+00:00,"0x06fdde03,0x10d0ffdd,0x18160ddd,0x22609373,0x27defa1f,0x313ce567,0x392efb52,0x3ccfd60b,0x4b750334,0x56d399e8,0x5ed9ebfc,0x688abbf7,0x6b2f4632,0x70a08231,0x8328b610,0x8620410b,0x89135ae9,0x949e8acd,0x95d89b41,0xa8e04f34,0xa9059cbb,0xb84c8246,0xc47f0027,0xcb4f6758,0xe4849b32,0xe9fad8ee,0xeba9f92d,0xf088d547,0xfdb5a03e,0xffffffff",Treasure,True,0xDBB13060f28541d710F2e1700a6F0C0346a173c5,0xe6d5917952b775722e36801500a53fc37341a462a58b8c228d21de39cbbc98de
0xd76b5c2a23ef78368d8e34288b5b65d616b746ae,94.416335812,2017-06-22 11:12:02+00:00,"0x06fdde03,0x095ea7b3,0x18160ddd,0x23b872dd,0x2e1a7d4d,0x313ce567,0x5a3b7e42,0x5e35359e,0x70a08231,0x79ba5097,0x8da5cb5b,0x95d89b41,0xa9059cbb,0xd0e30db0,0xd4ee1d90,0xdd62ed3e,0xf2fde38b,0xffffffff",EtherToken,True,0x009BB5e9fCF28E5E601B7D0e9e821da6365d0a9c,0x0704cf41ef1dbaa493e2829f489c718d9ce1e43149d5b692741bfc807bbf19da
0xdc260a232ced6e544909830d7128678466420aff,92.8,2018-01-26 19:18:22+00:00,"0x0be479e1,0x14614af9,0x17f708fb,0x19f363bc,0x2b55b792,0x2d923501,0x2e1a7d4d,0x4d5a8e10,0x54fd4d50,0x7ae20c59,0x7c422f1d,0x853828b6,0x89fb8a48,0x9aae82c1,0xa9cc4718,0xc0ee0b8a,0xc2fbe7bc,0xd0e30db0,0xd3c4c4d0,0xdef86cbb,0xf91c7ca3,0xfffe58a2,0xffffffff",,False,0xA4630CF6dd11D17a511814c8a825d5e808FA705C,0x24790bd29e56a956a90b14b01238b967d95e4a290ffc0d7e3debaf46d592e18d
0xe65f525ec48c7e95654b9824ecc358454ea9185e,92.756814556,2019-10-25 13:31:44+00:00,"0x06fdde03,0x10d0ffdd,0x18160ddd,0x22609373,0x2858507f,0x313ce567,0x3ccfd60b,0x4b750334,0x56d399e8,0x56d5938f,0x6284ae41,0x688abbf7,0x6b2f4632,0x70a08231,0x8620410b,0x8da5cb5b,0x92f8def2,0x949e8acd,0x95d89b41,0xa9059cbb,0xe4849b32,0xe9fad8ee,0xf088d547,0xfdb5a03e,0xffffffff",AceDapp,True,0xA4d05a1c22C8Abe6CCB2333C092EC80bd0955031,0xf89ede18d1fa2cd5c3a478ce30e7afab62e2fc1f81c0b47fa941d2e4f9de9886
0xf058ee35f381a12b3a0f504025419dcaf047ce7f,91.234433426,2018-01-18 21:01:07+00:00,"0x116191b6,0x23024408,0x3ccfd60b,0x42e94c90,0x5fb130af,0x8da5cb5b,0xf2fde38b,0xffffffff",,False,0x7c4393EE129D7856B5bD765C2D20b66f464cCD0F,0x03836421926d8eaa27d95e168a89d578f628429094a064017e74a44584bea518
0x47663541167ece0b96d9e5c60f9e470b2a20f598,87.328173919,2018-09-06 11:00:51+00:00,"0x018a25e8,0x06fdde03,0x07cd6289,0x0cf05c89,0x0efc8865,0x0f15f4c0,0x10f01eba,0x24c33d33,0x2660316e,0x2ce21999,0x2e19ebdc,0x3ccfd60b,0x3ddd4698,0x4a9ec99b,0x5893d481,0x624ae5c0,0x63066434,0x64b91446,0x685ffd83,0x6ec48595,0x747dff42,0x76ac5622,0x8f7140ea,0x921dec21,0x95d89b41,0x9a4d1a23,0xa2bccae9,0xa7e1040a,0xae60b67c,0xb121ac3b,0xbd19f1f0,0xc7e284b8,0xce89c80c,0xcf808000,0xd53b2679,0xd635bb6d,0xd96a094a,0xde7874f3,0xee0b5d8b,0xee501b63,0xf79e7c70,0xffffffff",,False,0xA9197CaAd5EF612CBcE5b7bD592f9Fb474B532EE,0xd76cfa2971bc9edcfc9925f4c5c358e9e739ccc983981f0e12a153dc89baf41b
0x4fb7d68e0116f35ade131b6535b2db1027bf7650,84.847134201,2018-08-29 10:44:19+00:00,"0x06fdde03,0x0b9c9594,0x0f15f4c0,0x113491d4,0x1746bd1b,0x1d8b2a90,0x207acde6,0x268f5cb2,0x2afffc76,0x2e73f8d6,0x32fb8889,0x34a7bfe5,0x3ccfd60b,0x3ff744d1,0x4b227176,0x62b0b151,0x6429f55c,0x6e7d3025,0x7092dd3b,0x774985a8,0x792c410b,0x80943ba3,0x95d89b41,0x9baa66f7,0xa84c310f,0xa9736c18,0xaad54691,0xb7717c61,0xb81d3c0a,0xb9eca0c8,0xbc5b89b3,0xc3563051,0xc7e284b8,0xcacf42bb,0xcf1986c8,0xd53b2679,0xdcc617bd,0xee0b5d8b,0xf8bec88c,0xffffffff",,False,0x535b25b00C5F7382D55cAe0c39Bd930f285E8d85,0xe1a1a920bb2a1c06b41a5cbb3d3b879cf592d6fde8f7d19e863b9464a5c96723
0x4e8ecf79ade5e2c49b9e30d795517a81e0bf00b8,84.352191997,2018-07-27 23:22:50+00:00,"0x018a25e8,0x06fdde03,0x079ce327,0x0f15f4c0,0x10f01eba,0x11a09ae7,0x24c33d33,0x2660316e,0x2ce21999,0x2e19ebdc,0x349cdcac,0x3ccfd60b,0x3ddd4698,0x49cc635d,0x5893d481,0x624ae5c0,0x63066434,0x685ffd83,0x747dff42,0x75661f4c,0x82bfc739,0x8f38f309,0x8f7140ea,0x921dec21,0x95d89b41,0x98a0871d,0xa2bccae9,0xa65b37a1,0xc519500e,0xc7e284b8,0xce89c80c,0xcf808000,0xd53b2679,0xd87574e0,0xdcb6af48,0xde7874f3,0xed78cf4a,0xee0b5d8b,0xffffffff",FoMo3DSoon,True,0xF39e044e1AB204460e06E87c6dca2c6319fC69E3,0x6a591662230e6a247600ec4c92e5b96ca7b81d74deae8b245ebaa5b9b37a2a57
0x879ae0704944fb78a3a59835caf734b2c104aff2,84.007332004,2018-02-12 18:21:05+00:00,"0x0be479e1,0x14614af9,0x17f708fb,0x19f363bc,0x2b55b792,0x2d923501,0x2e1a7d4d,0x4d5a8e10,0x54fd4d50,0x7c422f1d,0x853828b6,0x89fb8a48,0x9aae82c1,0xa9cc4718,0xc0ee0b8a,0xc2fbe7bc,0xd0e30db0,0xd3c4c4d0,0xdef86cbb,0xf91c7ca3,0xfffe58a2,0xffffffff",,False,0xf6543c54FAb6E071ebb86E34F65D330a27edda7e,0xf8a97614e6303d8248d552357ef1f6928a1471fbaffad5a9cd0ff242caa0fc10
0xd79b4c6791784184e2755b2fc1659eaab0f80456,83.944570744,2015-08-12 16:14:15+00:00,"0x021991e7,0x03750d94,0x06b5f02d,0x0d1fce42,0x0e1da6c3,0x0f06670a,0x2d9a37d3,0x2e1a7d4d,0x2fac1d36,0x46b305d6,0x55b775ea,0x839930ba,0x8d216186,0xa094a031,0xa1b9af31,0xadd4c784,0xbd66528a,0xc7cf28fe,0xcb96012e,0xd8389dc5",,False,0x87C5B5874A18B4306DF8a752a6C8cc3E82daFc19,0xe3d8ba1c62818c7d259e1b827303215d4fa39fbcef8664524634e165dbff1e29
0x4db13686f75be16abb7d1a99b0a9ca9a281ee42c,83.734528018,2017-08-07 19:13:22+00:00,"0x29b5b30c,0x41c0e1b5,0xe5225381,0xffffffff",,False,0x42dA8a05CB7eD9A43572b5BA1B8F82A0a6E263DC,0xc1c13643da127359a7cad95362d6276d0b73147b97833014c067928ba40872bd
0x12d5b7c26dd8dc6e2f71f5bf240d5e76452b2fe5,81.885917789,2018-11-16 11:48:23+00:00,"0x06fdde03,0x2b9edee9,0x3197cbb6,0x38af3eed,0x3b478fc5,0x3ccfd60b,0x518ab2a8,0x5249be25,0x590e1ae3,0x5da89ac0,0x5ed7ca5b,0x78e97925,0x7dbeb101,0x7e1c0c09,0x84bcefd4,0x8da5cb5b,0x906a26e0,0xa47001a8,0xb9b8af0b,0xcb13cddb,0xcb3e64fd,0xd7e64c00,0xdccdc893,0xe342c2e6,0xe41f7dc1,0xe4e9bcca,0xece84fd5,0xf2fde38b,0xfb86a404,0xfc0c546a,0xffffffff",DirectCryptTokenPreSale,True,0xd8CBc1A79b80aE3e7e016691f695CD81EAedC860,0xe217f115f65ac478e9aee6cc31d4f2cac51a179adbe0d82ddd9bd60f19d14cf9
0x0a97094c19295e320d5121d72139a150021a2702,81.203534109,2018-09-25 12:46:45+00:00,"0x06fdde03,0x10d0ffdd,0x18160ddd,0x22609373,0x313ce567,0x3ccfd60b,0x4b750334,0x56d399e8,0x688abbf7,0x6b2f4632,0x70a08231,0x8620410b,0x949e8acd,0x95d89b41,0xa9059cbb,0xe4849b32,0xe9fad8ee,0xf088d547,0xfdb5a03e,0xffffffff",CryptoMinerToken,True,0x0ce29BC18243A936EdB97E1b5C852b6C6f85e2ed,0xd36a8456cc5c51ec35cb3a1b88e01feb37ce537e9708852a4ecf9f86c911779e
0x93519cc1a51ac56cf2daa8aaafcd4073f49a19d8,81.144246026,2017-11-21 22:09:57+00:00,"0x1f35bc40,0x41c0e1b5,0x521eb273,0x8c52dc41,0x8da5cb5b,0xc19d93fb,0xc74073a1,0xcb13cddb,0xf2fde38b,0xf340fa01,0xfa89401a,0xffffffff",VLBRefundVault,True,0xAfc89b80b77f9714611d4716DCFd159931a08BbC,0xd98022b06741bd6a37d5870a1dc7579e8110d20c93e8ff7ab03afbd62d4df40e
0xcc89405e3cfd38412093840a3ac2f851dd395dfb,76.599977438,2017-06-20 02:52:29+00:00,"0x3ccfd60b,0x4bd54f04,0x5259347d,0x62f5ed61,0x6360fc3f,0x6ad1fe02,0x943dfef1,0x97227325,0xa6f2ae3a,0xadcaea0a,0xfc0c546a,0xfc7e286d,0xffffffff",StatusBuyer,True,0x000Fb8369677b3065dE5821a86Bc9551d5e5EAb9,0x7429af3249da9fafe082c8cc8ae1b6952c88e7120d7b2b9fbb37a0fe5bbb5ab3
0x52083b1a21a5abc422b1b0bce5c43ca86ef74cd1,76.320627241,2018-07-23 13:46:10+00:00,"0x018a25e8,0x06fdde03,0x079ce327,0x0f15f4c0,0x10f01eba,0x11a09ae7,0x24c33d33,0x2660316e,0x2ce21999,0x2e19ebdc,0x349cdcac,0x3ccfd60b,0x3ddd4698,0x49cc635d,0x5893d481,0x624ae5c0,0x63066434,0x685ffd83,0x747dff42,0x82bfc739,0x8f38f309,0x8f7140ea,0x921dec21,0x95d89b41,0x98a0871d,0xa2bccae9,0xa65b37a1,0xc519500e,0xc7e284b8,0xce89c80c,0xcf808000,0xd53b2679,0xd87574e0,0xde7874f3,0xed78cf4a,0xee0b5d8b,0xffffffff",FoMo3Dshort,True,0x8aB5FF360B4545f478b68cb13657710F32D4857f,0x485c6894c832598cdef47486a82ac23c5bcddc4824c2ddf11086d485a273da1b
0xc0099b50ab615412a90970f1d55a31b9853aad6f,75.6,2017-08-19 17:50:30+00:00,"0x29b5b30c,0x41c0e1b5,0xe5225381,0xffffffff",,False,0x42dA8a05CB7eD9A43572b5BA1B8F82A0a6E263DC,0x87cd02c654f30344c10da1c58164b49681334b1c238f64b0ee4f76bdacb7bc14
0xfd71d62a6dfe8b4e85a81f1d006e955f75aec922,73.178790514,2016-04-08 22:46:20+00:00,"0x4e71d92d,0xb81b8630",,False,0xB2bF3A2ef8a3e0e5665C4f752AaB687Fee58D85c,0x592e56fffd60fe8539cd56aed6b0b75265ea06c9e15cfafbea120198bc8c14e8
0xcb47c89cb17c10b719fc5ed9665bae157cac2cb1,72.964492113,2018-07-31 05:57:39+00:00,"0x018a25e8,0x06fdde03,0x079ce327,0x0f15f4c0,0x10f01eba,0x11a09ae7,0x24c33d33,0x2660316e,0x2ce21999,0x2e19ebdc,0x349cdcac,0x3ccfd60b,0x3ddd4698,0x49cc635d,0x5893d481,0x624ae5c0,0x63066434,0x685ffd83,0x715018a6,0x747dff42,0x82bfc739,0x8da5cb5b,0x8f38f309,0x8f7140ea,0x921dec21,0x95d89b41,0x98a0871d,0xa2bccae9,0xa65b37a1,0xc519500e,0xc7e284b8,0xce89c80c,0xcf808000,0xd53b2679,0xd87574e0,0xde7874f3,0xed78cf4a,0xee0b5d8b,0xf2fde38b,0xffffffff",FoMoJP,True,0x9e8aac4cdC9Af1f0f998396FA2D570c53754cBb0,0x3feaa65b2df556464ee3bae4cacb725c86240fe6681344f02108e5a6f0d18df4
0x18b59a4d99f7bd96d1ef7a3e597f259ad9563e2d,70.856527199,2018-08-28 14:24:49+00:00,"0x06fdde03,0x0b9c9594,0x0f15f4c0,0x113491d4,0x1746bd1b,0x1d8b2a90,0x207acde6,0x268f5cb2,0x2afffc76,0x2e73f8d6,0x32fb8889,0x34a7bfe5,0x3ccfd60b,0x3ff744d1,0x4b227176,0x62b0b151,0x6429f55c,0x6e7d3025,0x7092dd3b,0x774985a8,0x792c410b,0x80943ba3,0x95d89b41,0x9baa66f7,0xa84c310f,0xa9736c18,0xaad54691,0xb7717c61,0xb81d3c0a,0xb9eca0c8,0xbc5b89b3,0xc3563051,0xc7e284b8,0xcacf42bb,0xcf1986c8,0xd53b2679,0xdcc617bd,0xee0b5d8b,0xf8bec88c,0xffffffff",,False,0x535b25b00C5F7382D55cAe0c39Bd930f285E8d85,0x7786b61e1db1f93fcaedc6dd2f94c9ecc78b0e4be119414064e75e44ae7bb320
0x6baec8a087c9c140759be6c745ce16cd7bb2fd76,69.532,2017-08-07 19:56:24+00:00,"0x29b5b30c,0x41c0e1b5,0xe5225381,0xffffffff",,False,0x42dA8a05CB7eD9A43572b5BA1B8F82A0a6E263DC,0xcc4591e21921eb6c3f41b48fabbac99381957925732ff822dfa3badab157af20
0x5535a72556727c221c567e0fc4208c5a99dba1cc,69.23904994,2017-08-23 06:21:21+00:00,"0x0c3f6acf,0x146901db,0x590e1ae3,0x63bd1d4a,0x760a8c2a,0x8ad14ee6,0x8da5cb5b,0xa494817b,0xcef42254,0xecfd8928,0xffffffff",PembiCoinICO,True,0xA977AAdC92473aBe464bEF836e57d4203CcB2608,0x1567480c9a8b8fe10a693704f90e34ae4a56b33146cec74f89803ef813c68cc8
0x192e16ba79baa5a043a301c6b22174f6049202c6,65.275,2016-03-14 21:33:54+00:00,"0x0cd40fea,0x21c03a97,0x32454dbb,0x41c0e1b5,0x56a060a2,0x5d0e6672,0x5da05e2e,0x76ad3abf,0x7a9e5410,0x825db5f7,0x87a65513,0xa51687df,0xa5de3619,0xdb85bd78,0xdbff4182,0xddbdf242,0xf147ddfa",,False,0x767d01B00f826B5fCd0BfA7Ce37fAF2b3860251c,0x6c558a147833397e8862ae9b98a1b8a5c9c07e87f7886031e96906d4d5978aed
0x86afdaccb07a11e4aa604f3aa0517d6391b23bbc,58.726089483,2018-02-01 03:39:57+00:00,"0x0be479e1,0x14614af9,0x17f708fb,0x19f363bc,0x2b55b792,0x2d923501,0x2e1a7d4d,0x4d5a8e10,0x54fd4d50,0x7ae20c59,0x7c422f1d,0x853828b6,0x89fb8a48,0x9aae82c1,0xa9cc4718,0xc0ee0b8a,0xc2fbe7bc,0xd0e30db0,0xd3c4c4d0,0xdef86cbb,0xf91c7ca3,0xfffe58a2,0xffffffff",,False,0x8b0B4b5056bc5dDC232f56A83f0493DC5B849c50,0x4fe51812f37265a844c4dfcc8be29d4db6af7eb2b2ccf95fde6c9c8ff2e36ee2
0x0efef0b34638addc8833ba729ae20016b5f24ffc,57.249599771,2017-11-04 13:33:15+00:00,"0x19262d30,0x1f6eb6e7,0x2af4c31e,0x3ccfd60b,0x4147e891,0x44ab1409,0x5bd693d4,0x666a3427,0x710bf322,0x79ba5097,0x892db057,0x8da5cb5b,0x9cff53e0,0xa142d608,0xa3e7247a,0xb02c43d0,0xd0782461,0xd091b550,0xd836fbe8,0xd8f5e6c9,0xf5b61230,0xfe0f3a13,0xffffffff",WithdrawContract,True,0x1DBA1131000664b884A1Ba238464159892252D3a,0xd218874b17735d5c6f7582413fd4cc07cce21a0df37557c3dd16103f2260d59c
0x2387a684f010936ce7267b0110c980c867533ff6,55.6486,2017-10-31 13:52:40+00:00,"0x02d05d3f,0x29dcb0cf,0x38771242,0x38af3eed,0x3c8da588,0x400abd5f,0x42e94c90,0x519ee19e,0x598b35fc,0x626be567,0x630b4989,0x6e66f6e9,0x71ae8f02,0x7926a7a3,0x86f32586,0x8bdff161,0xaa367664,0xb2d5ae44,0xc19d93fb,0xc2052403,0xc5c4744c,0xd7bb99ba,0xe12dd14b,0xfe389e09,0xffffffff",,False,0xF17dE20488FEC8100DD294b678c6579516B2232b,0x14b39ca5746521a36c2f103bb766148379fe42a4dda4ad926460cf1b3d0105a3
0x53b04999c1ff2d77fcdde98935bb936a67209e4c,55.028195655,2018-12-19 20:50:00+00:00,"0x06fdde03,0x095ea7b3,0x17d9bfcb,0x18160ddd,0x23b872dd,0x27e235e3,0x28026ace,0x2e1a7d4d,0x313ce567,0x5c658165,0x70a08231,0x95d89b41,0xa9059cbb,0xd0e30db0,0xdd62ed3e,0xffffffff",VeilEther,True,0xdF1bc6498338135De5FFDbCb98817d81e2665912,0x9ca355bace21526cfb1ef33262b80c5b99382891e934519f2425b2d43e10787f
0xabefec93451a2cd5d864ff7b0b1604dfc60e9688,52.1513721,2019-09-25 21:30:16+00:00,"0x06fdde03,0x10d0ffdd,0x18160ddd,0x22609373,0x27defa1f,0x313ce567,0x392efb52,0x3ccfd60b,0x4b750334,0x563252ae,0x56d399e8,0x688abbf7,0x6b2f4632,0x70a08231,0x8328b610,0x8620410b,0x89135ae9,0x949e8acd,0x95d89b41,0xa8e04f34,0xa9059cbb,0xb84c8246,0xc47f0027,0xe4849b32,0xe9fad8ee,0xf088d547,0xfdb5a03e,0xffffffff",BlueChipMain,True,0xFeFa15424Fd45bAFe123163B2ad8D509c1256256,0x06d94d063e81d10c74a3a4b948c704f41bf342c96f9afefa4ae28cb8cdb8e30a
0x96e423291765c60e0fbc2cfb2bc538fb6ccdadd9,50.459702035,2016-10-25 12:57:43+00:00,"0x0a0313a9,0x0cd40fea,0x173825d9,0x2f54bf6e,0x3ca8b002,0x41c0e1b5,0x4cd06a5f,0x7065cb48,0x7a9e5410,0x825db5f7,0xa51687df,0xa820b44d,0xc4076876,0xe75623d8,0xefa52fb3",,False,0x7Fdf06809FB9069226EF1d291e4d0BA9b4b717F6,0x82d37c1c7468044bec8431f70d55857af14cfe7b6c61e09b13c2e794ecbd7c76
0xed44f3c2081480b08643fe1ca281fab9ed643735,50.00240356,2015-12-20 06:47:05+00:00,"0x0fb5a6b4,0x3ccfd60b,0x5e5c06e2",,False,0x13ae03F074e247B41108B065438B8eE352DbA0Db,0x3c06b11384930ec76878020951fe2dd56e3cc823f3f321c82cb25548255beae8
0x18639f44f946983bf3413d9b51322d05c29d269e,50.0,2019-11-05 22:34:14+00:00,"0x0c18865e,0x205c2878,0x2e1a7d4d,0x70cfaa8d,0x73d4a13a,0x7bbf4a3f,0xa6f2fd5c,0xb0f545ba,0xb8b34132,0xd0e30db0,0xee070805,0xeef21cd2,0xf359e65f,0xffffffff",EmCandyPool,True,0x06A642f1c101DdF740513AB744fF72712942e5eE,0x19476a5899c3a83df1b01087f1c19bba14223f2b97f4b323eac39e8b91384d9a
0xff2c689cb750f2a7d46e7471521189ced948f965,50.0,2018-02-26 06:00:48+00:00,"0x0be479e1,0x14614af9,0x17f708fb,0x19f363bc,0x2b55b792,0x2d923501,0x2e1a7d4d,0x4d5a8e10,0x54fd4d50,0x7c422f1d,0x853828b6,0x89fb8a48,0x9aae82c1,0xa9cc4718,0xc0ee0b8a,0xc2fbe7bc,0xd0e30db0,0xd3c4c4d0,0xdef86cbb,0xf91c7ca3,0xfffe58a2,0xffffffff",,False,0x7C5584b455201Adf89237e6824eaDC52C0761821,0x972cdfecb887ae71c2d55e6594bfd89b91098a2459d67586a0fd58ee5e891f8b
0x2cc2720ec4263ca730e6209348673665939c29e2,49.41971939,2017-04-12 08:07:26+00:00,"0x06fdde03,0x095ea7b3,0x18160ddd,0x23b872dd,0x313ce567,0x41c0e1b5,0x627749e6,0x70a08231,0x7362377b,0x78e97925,0x86ce0285,0x8da5cb5b,0x95d89b41,0xa035b1fe,0xa9059cbb,0xb6fd0cf1,0xce557031,0xdd62ed3e,0xf2fde38b,0xffffffff",,False,0x44CAb6F6DC7045FD4AcD1d0f3d09Fc7a83004bd3,0x360bfd0f3dd48998ae27961b3803bd5060a262e2e96275456355187591b63b83
0x29488e24cfdaa52a0b837217926c0c0853db7962,49.406320688,2018-08-16 17:02:04+00:00,"0x018a25e8,0x06fdde03,0x079ce327,0x0f15f4c0,0x10f01eba,0x11a09ae7,0x24c33d33,0x2660316e,0x2ce21999,0x2e19ebdc,0x349cdcac,0x3ccfd60b,0x3ddd4698,0x49cc635d,0x5893d481,0x624ae5c0,0x63066434,0x685ffd83,0x747dff42,0x82bfc739,0x8f38f309,0x8f7140ea,0x921dec21,0x95d89b41,0x98a0871d,0xa2bccae9,0xa65b37a1,0xc519500e,0xc7e284b8,0xce89c80c,0xcf808000,0xd53b2679,0xd87574e0,0xde7874f3,0xed78cf4a,0xee0b5d8b,0xffffffff",SuperCard,True,0x9Ac16c27cc52069cA6839981e6E87f28d316F8b9,0x4371dfddc37eeb28db04496c198bf31bf6fe6d41f289f1d1e8d7290facd2ad16
0xb6bbf89c3dbba20cb4d5cabaa4a386acbbab455e,47.13016,2018-02-01 19:29:25+00:00,"0x11ee0ec5,0x12065fe0,0x159d3c24,0x3ccfd60b,0x88806b37,0xa843c51f,0xbee712da,0xcd066fd6,0xffffffff",ETHMap,True,0x2f6f8C8c4613181D89bb646D35fBC28f759474c1,0xdfb347e20a4f40705b28444baf6f5d5344cec7d38689317772b6fedf81684865
0x22a97c80d7e0a9ae616737e3b8b531248f4ef91d,45.71878797,2017-11-02 01:11:02+00:00,"0x057b17c0,0x06c0e841,0x06fdde03,0x110f8874,0x17ffc320,0x38af3eed,0x42e94c90,0x4a574d18,0x4e71e0c8,0x53490c67,0x54fd4d50,0x5958611e,0x6bb4cf76,0x77ef2c91,0x78e97925,0x7a3a0e84,0x7b3e5e7b,0x7ff9b596,0x828282e9,0x8da5cb5b,0x93608dfb,0xa96f8668,0xaaffadf3,0xaf640d0f,0xb6f4f96c,0xbeb0a416,0xbf3d6141,0xc040e6b8,0xc0ee0b8a,0xc9e84346,0xe30c3978,0xf2fde38b,0xfc0c546a,0xffffffff",Campaign,True,0xF257F870ED88353359eDBc37e219Ed4ED61A0bfC,0xe370abade52d557b0e537d33ffa06655aef210debb82a26cfa3388cc89336e7e
0x19c320b43744254ebdbcb1f1bd0e2a3dc08e01dc,45.489333333,2017-12-24 14:10:06+00:00,"0x06fdde03,0x18160ddd,0x1fd9f187,0x210fe93b,0x313ce567,0x3ccfd60b,0x3eaaf86b,0x40c558b2,0x42a4af66,0x442890d5,0x4da2b48e,0x51605d80,0x51ecfd16,0x53e9dcae,0x55bdd4ac,0x5a3b7e42,0x61718141,0x68d89792,0x70a08231,0x7b2c5148,0x861dd0a5,0x93fffddc,0x95d89b41,0x9c9cc12a,0x9d773a1b,0x9e3e6878,0xa0a8e460,0xa2093e1b,0xa7e1a8ee,0xa9059cbb,0xab179e9f,0xb3c6487b,0xb9364835,0xd72503ba,0xdddf33cc,0xe3acc49a,0xea341309,0xebeb0f48,0xf3f43703,0xf7e23677,0xffffffff",CRYPTOCATS,True,0xd7148578159b87a9EFA2f0290531B44b0f9063D1,0x4368a8cab3163f46d576363e4d6edcacbbda535cac4f3b30816954456b402319
0xcd806502ad2f9aeb32e23f8d647341d4b568201d,45.135189252,2018-02-18 22:18:18+00:00,"0x1ff858d0,0x2b9edee9,0x3197cbb6,0x378b6a89,0x3a03171c,0x3ccfd60b,0x3e9744da,0x3f4ba83a,0x3fa911ae,0x44691f7e,0x4864d8d9,0x4c46fb73,0x4ef8ff33,0x521eb273,0x590e1ae3,0x5c975abb,0x6681b9fd,0x6a41ade3,0x6ef9e145,0x70a08231,0x78e97925,0x7f86f7f4,0x8456cb59,0x8da5cb5b,0x94d453db,0x96eecf95,0x9762f802,0x9b19251a,0xa53bfcf5,0xa7aac32d,0xb39d9009,0xb652dc2f,0xb80cdcf6,0xc25c22ee,0xcd69859e,0xd792b356,0xe6d1092d,0xec8ac4d8,0xecb70fb7,0xf00648b8,0xf2fde38b,0xfc0c546a,0xfd09d013,0xfd4ff437,0xffffffff",THTokenSale,True,0x00AAD3Ae0Cb649fdfB75B9810225D2c834043fB5,0x61a3a2e383fda732b2443fd80c69025c473217512fc6e34a6cdaa0d790255970
0x9508008227b6b3391959334604677d60169ef540,43.935,2017-12-19 15:48:07+00:00,"0x06fdde03,0x18160ddd,0x1fd9f187,0x210fe93b,0x313ce567,0x3ccfd60b,0x3eaaf86b,0x40c558b2,0x42a4af66,0x442890d5,0x4da2b48e,0x51605d80,0x51ecfd16,0x53e9dcae,0x55bdd4ac,0x5a3b7e42,0x61718141,0x68d89792,0x70a08231,0x7b2c5148,0x861dd0a5,0x93fffddc,0x95d89b41,0x9c9cc12a,0x9d773a1b,0x9e3e6878,0xa0a8e460,0xa2093e1b,0xa7e1a8ee,0xa9059cbb,0xab179e9f,0xb3c6487b,0xb9364835,0xd72503ba,0xdddf33cc,0xe3acc49a,0xea341309,0xebeb0f48,0xf3f43703,0xf7e23677,0xffffffff",CRYPTOCATS,False,0xd7148578159b87a9EFA2f0290531B44b0f9063D1,0x6ceb67bbadcad1f7a873fb1408b4bc85ab3c6ff8337f5e0fff426c36f58ce630
0x032c3617cf609f90a4a824c2aac25a228a966d33,43.450000016,2017-08-07 22:48:28+00:00,"0x29b5b30c,0x41c0e1b5,0xe5225381,0xffffffff",,False,0x42dA8a05CB7eD9A43572b5BA1B8F82A0a6E263DC,0x7bf47a67ba4c5da670e6d8e34033b0ec1f1592254d3f560470620006e14cfc7f
0x9bcccfe019c78cf85a44044d7ae718e5ef8c419b,43.342,2017-08-07 20:06:21+00:00,"0x29b5b30c,0x41c0e1b5,0xe5225381,0xffffffff",,False,0x42dA8a05CB7eD9A43572b5BA1B8F82A0a6E263DC,0xa4bad61ed026492c9baf8b8b423a230c2595223374f3958e879cf70e10307568
0x3e22bb2279d6bea3cfe57f3ed608fc3b1deadadf,42.175085379,2018-08-23 06:05:23+00:00,"0x018a25e8,0x06fdde03,0x079ce327,0x0e07ef81,0x0f15f4c0,0x10f01eba,0x180603eb,0x24c33d33,0x2660316e,0x27d87924,0x2ce21999,0x2e19ebdc,0x349cdcac,0x3ccfd60b,0x5893d481,0x624ae5c0,0x63066434,0x747dff42,0x82bfc739,0x82e37b2c,0x8f38f309,0x95d89b41,0x98a0871d,0xa2bccae9,0xa2e7223e,0xa65b37a1,0xc519500e,0xc7e284b8,0xce89c80c,0xcf808000,0xd53b2679,0xde7874f3,0xe3c08adf,0xee0b5d8b,0xf32306d2,0xffffffff",Star3Dlong,True,0x701b5B2F6bc3F74Eb15DaebAcFC65E6eAdFbb0DA,0x5ae76ca8e3e7b00e9eefe2233959f17f68aba4f37401d4ec086bd50870b894d4
0xa0d031c090974d2bdb0ffc22124f08532e1dc768,39.7581,2019-01-08 00:37:33+00:00,"0x06fdde03,0x095ea7b3,0x18160ddd,0x1d0b482f,0x23b872dd,0x28b93702,0x2e1a7d4d,0x313ce567,0x42966c68,0x4b0d5417,0x534f36c5,0x6aa737e0,0x70a08231,0x79c65068,0x79cc6790,0x85e436bf,0x8da5cb5b,0x8e0b017d,0x95d89b41,0xa6f2ae3a,0xa9059cbb,0xb414d4b6,0xcae9ca51,0xd0e30db0,0xdd62ed3e,0xe4849b32,0xe724529c,0xf2fde38b,0xffffffff",CRP_ERC20,True,0x14f7fd3f4ee1A33713989f15b429b01Ce6051623,0x58bb818766b7dc1d601def05675ff99fa90ff5eec23cc5fccc70a67bfdfc319d
0xf8f6e626af09b0455acd9162beb5a484724f25b5,39.20082619,2018-01-03 21:55:23+00:00,"0x0be479e1,0x0e5f6e0a,0x122fe685,0x13114a9d,0x14bfd6d0,0x17f708fb,0x27e235e3,0x2e1a7d4d,0x31b9028d,0x35c1d349,0x3816a292,0x390a05a8,0x3dcaf211,0x4c96f0cc,0x4ff0d699,0x54fd4d50,0x55a373d6,0x5bbf97f2,0x7072c6b1,0x76eab387,0x853828b6,0x8a29411b,0x8d3d6576,0x9aae82c1,0xa8c16922,0xa9cc4718,0xaaffadf3,0xc0ee0b8a,0xc19d93fb,0xc2fbe7bc,0xd0e30db0,0xd0fb0203,0xd23ad2be,0xd3c4c4d0,0xdef86cbb,0xffffffff",,False,0x7dea9CdB4c41aEe3123a5F2e9A4ADfD8AaF9D725,0x76f631403c06696afbbf988b44f344a874aab6d93bfc0dc3611efb1d5bc04aac
0xf5fe6b716c0cd0e88059d8b3d8385c086012eb0e,38.135262884,2018-09-17 14:01:46+00:00,"0x018a25e8,0x06fdde03,0x079ce327,0x0f15f4c0,0x10f01eba,0x11a09ae7,0x24c33d33,0x2660316e,0x2ce21999,0x2e19ebdc,0x349cdcac,0x3ccfd60b,0x3ddd4698,0x49cc635d,0x5893d481,0x624ae5c0,0x63066434,0x685ffd83,0x747dff42,0x82bfc739,0x8f38f309,0x8f7140ea,0x921dec21,0x95d89b41,0x98a0871d,0xa2bccae9,0xa65b37a1,0xb483c054,0xc519500e,0xc7e284b8,0xce89c80c,0xcf808000,0xd53b2679,0xd87574e0,0xde7874f3,0xed78cf4a,0xee0b5d8b,0xffffffff",FoMo3Dlong,True,0x100d5695a0b35bbb8c044AEFef7C7b278E5843e1,0xc3f20f4682f6d6883428c395ead98b225e205cd5c6ab071c9ff7c3599d44bea2
0xb453b2c67d70f1e19ce770296c7d2f35cb7cdfd8,38.088996097,2018-11-15 13:57:29+00:00,"0x045ec563,0x06ad5a47,0x06fdde03,0x07c9da76,0x08979751,0x08d4db14,0x0ed79661,0x0f15f4c0,0x10f01eba,0x1e2da406,0x23442c60,0x24c33d33,0x25738063,0x25be533d,0x2ea625c3,0x38a85f9a,0x392efb52,0x3ccfd60b,0x3ee6d933,0x44b0db82,0x4b1cff0b,0x4b227176,0x624ae5c0,0x6b2f4632,0x762d9284,0x77152dc7,0x7e161dd9,0x89135ae9,0x8f8f8527,0x95d89b41,0xa2bccae9,0xaf1a3e33,0xb04705e0,0xb0ef9555,0xba730e53,0xd50226f9,0xd538611a,0xd53b2679,0xde7874f3,0xe0198e26,0xe4849b32,0xeda606a4,0xffffffff",PT7D,True,0xA40435b7964b3377861ccfcb151F75786FA54904,0xcb607d4e14af6ef533e32ee59f09af35e8162878587350c67022f35f0ddd6f40
0xf0a924661b0263e5ce12756d07f45b8668c53380,37.508459473,2017-07-24 17:01:44+00:00,"0x03f9c793,0x0f6a1734,0x1865c57d,0x1aae3460,0x3ccfd60b,0x4042b66f,0x41c0e1b5,0x442e1079,0x4bb278f3,0x5256a36e,0x590e1ae3,0x5da89ac0,0x5ed7ca5b,0x797d9437,0x7c2e08a3,0x87612102,0x8da5cb5b,0x97b150ca,0xa6f2ae3a,0xaf468682,0xb3f05b97,0xb9b8af0b,0xbd611c73,0xc4f1215c,0xc9d82c96,0xcb3e64fd,0xd5d09021,0xf071ecc5,0xf2fde38b,0xfc0c546a,0xfd345c8a,0xffffffff",,False,0x0042bD345E43bD151fA563c2BC8fA22bDa507104,0xc368abfb4af5d817f18be8e01df1a4c9187e896f3bf4fe30bff3da03c2620f36
0xd6770aac65a48f5715889a4cdbf30a4faf73a073,36.918817832,2018-05-09 02:43:47+00:00,"0x14614af9,0x1642045e,0x17f708fb,0x19f363bc,0x2b55b792,0x2d923501,0x2e1a7d4d,0x390a05a8,0x4d5a8e10,0x54fd4d50,0x5bbf97f2,0x7c422f1d,0x853828b6,0x89fb8a48,0x9aae82c1,0xa9cc4718,0xc0ee0b8a,0xd0e30db0,0xd3c4c4d0,0xdef86cbb,0xe7f4cc8c,0xf251fc8c,0xf91c7ca3,0xfffe58a2,0xffffffff",,False,0x679C6b34188eCD53FbA5F8cF5340c3698EdcE7C0,0x178b12025511d2798e69457c3d0688da29abeed1125d3f2cc33656deea330229
0x1d9c44890d7f36eb9771ac4c9cd37eb7d354207f,35.983307352,2018-09-09 06:00:28+00:00,"0x046111e9,0x06fdde03,0x0783d820,0x10f01eba,0x18237476,0x2a12408e,0x2e19ebdc,0x2e1a7d4d,0x35f0d665,0x4496b502,0x4c1f7635,0x58931f7a,0x6cb69f42,0x6e725302,0x6ff08dd6,0x9201de55,0x95d89b41,0xa0745623,0xa4e85358,0xa5fc2994,0xa8bda3e9,0xa9b86924,0xada52d7c,0xadbc9bed,0xce9ae91c,0xcfb51928,0xd53b2679,0xd9a9662b,0xdb8f0301,0xde7874f3,0xe5af350e,0xee5f8c8f,0xfefc38fd,0xffffffff",,False,0x3b66c1CdBD730FA6865cFE394FaD2c7A4Bd2fdCe,0x72a6a0c62a3831e3bdb000bab60c762bf94a6bbe6dd6447c613d210e46873b73
0x0f90ef4e2526e3d1791862574f9fb26a0f39ec86,35.109468772,2018-07-22 05:25:26+00:00,"0x018a25e8,0x06fdde03,0x079ce327,0x0f15f4c0,0x10f01eba,0x11a09ae7,0x24c33d33,0x2660316e,0x2ce21999,0x2e19ebdc,0x349cdcac,0x3ccfd60b,0x3ddd4698,0x49cc635d,0x5893d481,0x624ae5c0,0x63066434,0x685ffd83,0x747dff42,0x82bfc739,0x8f38f309,0x8f7140ea,0x921dec21,0x95d89b41,0x98a0871d,0xa2bccae9,0xa65b37a1,0xc519500e,0xc7e284b8,0xce89c80c,0xcf808000,0xd53b2679,0xd87574e0,0xde7874f3,0xed78cf4a,0xee0b5d8b,0xffffffff",F3DPLUS,True,0x3F912bC4a711512614e90c826f74Bf5F8b4F85aa,0xd2bf990be62ae9a6e964b380cc405a07eaf777c1c50a4b9f5f0c53440099baa5
0x796dbc51b37f2d92b0af1271fd9520c8efd1be61,34.995423626,2018-04-26 04:17:08+00:00,"0x14614af9,0x1642045e,0x17f708fb,0x19f363bc,0x2b55b792,0x2d923501,0x2e1a7d4d,0x390a05a8,0x4d5a8e10,0x54fd4d50,0x5bbf97f2,0x7c422f1d,0x853828b6,0x89fb8a48,0x9aae82c1,0xa9cc4718,0xc0ee0b8a,0xd0e30db0,0xd3c4c4d0,0xdef86cbb,0xe7f4cc8c,0xf251fc8c,0xf91c7ca3,0xfffe58a2,0xffffffff",,False,0xeD176ee38D3A130CF7C0F4d3427989E046a04519,0xa7292faf2dfca8856b2fdb0b5c58b19afdaa1bc94c14b982f13acce941a04609
0xda8d7ff0d043848a689125e2c7ab87b16a0cbe81,34.756657604,2018-07-29 22:29:39+00:00,"0x018a25e8,0x06fdde03,0x079ce327,0x0f15f4c0,0x10f01eba,0x11a09ae7,0x24c33d33,0x2660316e,0x2ce21999,0x2e19ebdc,0x349cdcac,0x3ccfd60b,0x3ddd4698,0x49cc635d,0x5893d481,0x624ae5c0,0x63066434,0x685ffd83,0x747dff42,0x82bfc739,0x8f38f309,0x8f7140ea,0x921dec21,0x95d89b41,0x98a0871d,0xa2bccae9,0xa65b37a1,0xc519500e,0xc7e284b8,0xce89c80c,0xcf808000,0xd53b2679,0xd87574e0,0xde7874f3,0xed78cf4a,0xee0b5d8b,0xffffffff",SnowStorm,True,0xC69dd00f0000218B7e15B5AddC1026A3B07F1447,0x02e8b243a497d24c66938208f1a6a620d84c46322f5698852b2a339393bb42a2
0x50c19ffdbda85d1a07c09f01e113a94923801d32,34.307,2018-02-28 13:36:51+00:00,"0x14614af9,0x17f708fb,0x19f363bc,0x2b55b792,0x2d923501,0x2e1a7d4d,0x4d5a8e10,0x54fd4d50,0x7c422f1d,0x853828b6,0x89fb8a48,0x9aae82c1,0xa9cc4718,0xc0ee0b8a,0xd0e30db0,0xd3c4c4d0,0xdef86cbb,0xf91c7ca3,0xfffe58a2,0xffffffff",,False,0xc0ABBf630BC11aA4A48f2CB6735F22104EeAF3e2,0x22768456b9fc44c96277dd16564b46de12fd2f7a38956f7122093556eaac02ef
0x489fe6e54db68acfb5f79950174cf8cdb2b78842,34.118828006,2018-02-20 00:44:32+00:00,"0x0be479e1,0x14614af9,0x17f708fb,0x19f363bc,0x2b55b792,0x2d923501,0x2e1a7d4d,0x4d5a8e10,0x54fd4d50,0x7c422f1d,0x853828b6,0x89fb8a48,0x9aae82c1,0xa9cc4718,0xc0ee0b8a,0xc2fbe7bc,0xd0e30db0,0xd3c4c4d0,0xdef86cbb,0xf91c7ca3,0xfffe58a2,0xffffffff",,False,0xf6543c54FAb6E071ebb86E34F65D330a27edda7e,0x35b4a70f75ba9aca784cc653a8b15840de6b118fe9b68d555c4e0d0f56d7f817
0x8a883a20940870dc055f2070ac8ec847ed2d9918,33.741409526,2018-07-21 19:31:37+00:00,"0x015008b1,0x018a25e8,0x06fdde03,0x0f15f4c0,0x10f01eba,0x11a09ae7,0x200373c9,0x2660316e,0x2e19ebdc,0x37c30a98,0x3ccfd60b,0x3ddd4698,0x409dba83,0x438d359e,0x49cc635d,0x58d162da,0x63066434,0x685ffd83,0x747dff42,0x8f7140ea,0x8f8a5832,0x921dec21,0x93204075,0x95d89b41,0xaeeed0db,0xc7e284b8,0xcd133c8f,0xcf808000,0xd53b2679,0xd87574e0,0xde7874f3,0xee0b5d8b,0xfb9073eb,0xffffffff",RatScam,True,0xc14f8469D4Bb31C8E69fae9c16E262f45edc3635,0x2d6fc474fa9111a57270829fc73f72b5ca5f69fe3989e3f760a1aeae7146f34e
0xbf29685856fae1e228878dfb35b280c0adcc3b05,33.085842693,2017-05-26 00:19:54+00:00,"0x0a19b14a,0x0b927666,0x19774d43,0x278b8c0e,0x2e1a7d4d,0x338b5dea,0x46be96c3,0x508493bc,0x54d03b5c,0x57786394,0x5e1d7ae4,0x65e17c9d,0x6c86888b,0x71ffcb16,0x731c2f81,0x8823a9c0,0x8f283970,0x9e281a98,0xbb5f4629,0xc281309e,0xd0e30db0,0xe8f6bc2e,0xf3412942,0xf7888aec,0xf851a440,0xfb6e155f,0xffffffff",DecentrEx,True,0xfEed93432ba27ac818Dbc97ec67bC227d8318D4b,0x1b2ff86bbf91feb9ef7f5310dd258137e034d65f6e99ea432fa98a933a2ffecd
0x102011cb0f7109e98a4e98dfbacd792bfb343e14,32.145341304,2017-10-06 00:26:01+00:00,"0x27dc297e,0x38bbfa50,0x63a599a4,0x691a5842,0x75f12b21,0x807d2da3,0x86d1a69f,0x9890220b,0x9bfc7421,0xd36f0c29,0xf2fde38b,0xf76bff78,0xf990b73b,0xffffffff",,False,0xfd66635a97D698F587AE90eCb345e58A56824F76,0xf1c13e1cec31460097019fc5d72edccf6988d21352253078483b324d54b44b8f
0x05215fce25902366480696f38c3093e31dbce69a,30.278879538,2018-05-15 23:46:21+00:00,"0x06fdde03,0x10d0ffdd,0x18160ddd,0x22609373,0x313ce567,0x392efb52,0x3ccfd60b,0x4b750334,0x523191bf,0x56d399e8,0x688abbf7,0x6b2f4632,0x70a08231,0x8328b610,0x8620410b,0x89135ae9,0x949e8acd,0x95d89b41,0xa9059cbb,0xb84c8246,0xc47f0027,0xd6b0f484,0xe4849b32,0xe9fad8ee,0xf088d547,0xfdb5a03e,0xffffffff",REV1,True,0x7301494d217C50557f4b2A515F0c65FA9b302641,0x97eff2f63fc8eb57bf915be535dd7d900714db6d18099417feee81b3b8ba9c4f
0x3c020e014069df790d4f4e63fd297ba4e1c8e51f,30.013831204,2019-03-16 10:17:41+00:00,"0x0a19b14a,0x0b927666,0x19774d43,0x278b8c0e,0x2e1a7d4d,0x338b5dea,0x46be96c3,0x508493bc,0x54d03b5c,0x57786394,0x5e1d7ae4,0x65e17c9d,0x6c86888b,0x71ffcb16,0x731c2f81,0x8823a9c0,0x8f283970,0x9e281a98,0xbb5f4629,0xc281309e,0xd0e30db0,0xe8f6bc2e,0xf3412942,0xf7888aec,0xf851a440,0xfb6e155f,0xffffffff",Bitcratic,True,0x8bC3bc20974458291C06Ec95C2Eae5c587E35e89,0x6cd6b84c78270899d9611fcadfdbe96e8c18f0c1526a1f95e8e2749bd5567338
0x22dccfa39dbe59cd3f27e6531b33b5101bb2a70d,29.705554774,2018-09-24 19:57:55+00:00,"0x04dd2dea,0x06fdde03,0x1ae4dfb7,0x1b7e0902,0x287ad8fa,0x313ce567,0x3ccfd60b,0x4b419b5f,0x4c738909,0x4e3c2f47,0x53ba3d43,0x5bdff855,0x6b2f4632,0x763f337e,0x7deb6025,0x7fcf440a,0x95d89b41,0x9ba65fff,0x9d902fc0,0xa053ce1f,0xae882412,0xaf392206,0xb84c8246,0xb987f688,0xbaf3a4d4,0xc47f0027,0xd5c96b36,0xe994c15d,0xfd01d4a1,0xffffffff",DailyDivsCardGame,True,0x5e4edd4b711eCe01400067dc3Ec564aed42Ed5b5,0x00fb8835068710da8e0cba901631ee5c513a7a9f1d891017f14a1ca5db62f77d
0x698b7b96885ebbdced61d39a869a22e3dac8dc02,29.492097491,2017-08-07 23:32:10+00:00,"0x29b5b30c,0x41c0e1b5,0xe5225381,0xffffffff",,False,0x42dA8a05CB7eD9A43572b5BA1B8F82A0a6E263DC,0xc293e8bc18440965978eabdcc0c61b0c593a5e1d90cf07222932bc54ac06b697
0xbd73e675e1fa3d60a302c797df5c82e558da7ce1,28.459031756,2018-11-28 05:48:24+00:00,"0x06fdde03,0x18160ddd,0x313ce567,0x3ccfd60b,0x4b750334,0x70a08231,0x8620410b,0x95d89b41,0xa9059cbb,0xbe2eaad4,0xc5f60620,0xe4849b32,0xe9fad8ee,0xed88c68e,0xf088d547,0xfdb5a03e,0xffffffff",PantheonEcoSystem,True,0xA5b7FBD1E74CE6A696AC142BDc51b6B0f6c56fB4,0x3cd91a8c95adb9e2eff9ad9982569418d985f0078a19abaacfbc5feeae425bb2
0x2fa0ac498d01632f959d3c18e38f4390b005e200,27.829182461,2018-02-02 04:21:05+00:00,"0x06fdde03,0x18160ddd,0x313ce567,0x39ffe67c,0x3ccfd60b,0x4b750334,0x62dbf261,0x65bcfbe7,0x68306e43,0x70a08231,0x8620410b,0x8b7afe2e,0x957b2e56,0x95d89b41,0xb1e35242,0xb60d4288,0xb9f308f2,0xbda5c450,0xe555c1a3,0xeedc966a,0xffffffff",EthPyramid,True,0x0070Eaaa4a0DdF3b57BfFbd032d712D26Bb0fbF3,0x4286c3a0af82267d7fab5748d339a4c7657978a1f9baa0c6e35581c5d784a273
0x6f40d96713b60d5083bc2493251907ca673de1b8,27.724550896,2018-02-08 14:56:39+00:00,"0x0be479e1,0x14614af9,0x17f708fb,0x19f363bc,0x2b55b792,0x2d923501,0x2e1a7d4d,0x4d5a8e10,0x54fd4d50,0x7ae20c59,0x7c422f1d,0x853828b6,0x89fb8a48,0x9aae82c1,0xa9cc4718,0xc0ee0b8a,0xc2fbe7bc,0xd0e30db0,0xd3c4c4d0,0xdef86cbb,0xf91c7ca3,0xfffe58a2,0xffffffff",,False,0x8b0B4b5056bc5dDC232f56A83f0493DC5B849c50,0xde36ff6c228892fa33681b1bbff062d0ecb8527cae36374575fa79151a214340
0xc0829421c1d260bd3cb3e0f06cfe2d52db2ce315,27.171149227,2017-09-10 14:56:41+00:00,"0x06fdde03,0x095ea7b3,0x18160ddd,0x205c2878,0x23b872dd,0x2e1a7d4d,0x313ce567,0x5a3b7e42,0x5e35359e,0x70a08231,0x79ba5097,0x8da5cb5b,0x95d89b41,0xa9059cbb,0xd0e30db0,0xd4ee1d90,0xdd62ed3e,0xf2fde38b,0xffffffff",EtherToken,True,0x009BB5e9fCF28E5E601B7D0e9e821da6365d0a9c,0x11a738932f603d05db13ed0e0f9aa0a7e8c72bb6d54eaafa08df7b725c4608a2
0xea8bd3a7e1ea3f7118bde9a357e0fbb4b229584a,25.91841542,2017-04-21 23:56:28+00:00,"0x29b5b30c,0x41c0e1b5,0xe5225381",,False,0x700f6912e5753e91ea3Fae877A2374A2db1245D7,0x2bafb9c42467629e1fcb125733e626133e30148415f5158c7ebe1c3f5a14c44a
0xa146240bf2c04005a743032dc0d241ec0bb2ba2b,25.426187056,2018-04-03 21:13:39+00:00,"0x06fdde03,0x10d0ffdd,0x18160ddd,0x22609373,0x27defa1f,0x313ce567,0x392efb52,0x3ccfd60b,0x4b750334,0x56d399e8,0x688abbf7,0x6b2f4632,0x70a08231,0x8328b610,0x8620410b,0x89135ae9,0x949e8acd,0x95d89b41,0xa8e04f34,0xa9059cbb,0xb84c8246,0xc47f0027,0xe4849b32,0xe9fad8ee,0xf088d547,0xfdb5a03e,0xffffffff",POWM,True,0x20C945800de43394F70D789874a4daC9cFA57451,0xcd87e159f54a7f5122fded725dc4edad6e653f75c1c0ab74d74a7b57d54eee8d
0x6a13cbb3a3ecd7e8d74636f79c4a09acb1f85606,25.0,2018-06-08 00:30:31+00:00,"0x03ed9d21,0x09826620,0x0988ca8c,0x0e135aa1,0x12e8e2c3,0x209d101f,0x217fe6c6,0x261c4e05,0x271314b0,0x28f8bfa1,0x30d09774,0x33c74e79,0x3ad8c93c,0x410085df,0x473b0d46,0x480c2b7b,0x48c54b9d,0x52c790ee,0x54e17d68,0x54fd4d50,0x5a2f3d09,0x7912661e,0x7a6b3b7a,0x88cee87e,0x8d68cf59,0x8d8f2adb,0x8da5cb5b,0x908c9198,0x98dd1b3b,0xa17d5f44,0xb25fa92c,0xb5545a3c,0xc311d049,0xc77ba789,0xc7cd469a,0xd01f63f5,0xd0febe4c,0xd391014b,0xda19139b,0xea8a1af0,0xeb0caa34,0xf2fde38b,0xf357ce8e,0xfd521021,0xffffffff",,False,0xd00ca192FB8c447f44bf2d5c915714153BbfB904,0x351396064fc7359df959a548bb538b8eca06ea884f49c0f05901c494fc7034a7
0x1ad8b48c4ebe5a6c1573fd6f3b8222704f848f2b,24.95,2019-10-21 02:56:46+00:00,"0x3f4ba83a,0x41c0e1b5,0x46fbf68e,0x4a8f8570,0x5c975abb,0x662fa38f,0x6ef8d66d,0x715018a6,0x7362377b,0x76393f91,0x811e539c,0x82dc1ec4,0x8456cb59,0x89476069,0x89702850,0x8da5cb5b,0x8f32d59b,0xb8253b42,0xca2b8b14,0xe2914b87,0xf2fde38b,0xffffffff",,False,0x81DC8E0A77C4d9F16D8Cd6c2408dCc53D2d9b7AC,0x35d9a8a6c71f92ad22ef36891724ebd6ac5704ac8e453997ee33ca453610508d
0x00685230359bdb9e16704e1d3918b553e9a015e2,24.746869,2018-10-03 21:16:47+00:00,"0x02756ddc,0x08d4ca92,0x27e235e3,0x3ccfd60b,0x40e58ee5,0x62784793,0x715018a6,0x8da5cb5b,0xc23e3802,0xd04fe107,0xd79875eb,0xd96a094a,0xe50eea8d,0xf071bf4f,0xf2fde38b,0xfb4b821b,0xffffffff",Marketplace,True,0x416117a78551Da0c15f63a6412759DA190303f6f,0xd6cd1e24bff9995a4dc4be0ae39c1c914b8a494402f103dc36fb650ddae2ff7a
0xb2b30d39074c52a60283a26f238abff31fcb4217,24.668256118,2018-07-29 21:38:28+00:00,"0x018a25e8,0x06fdde03,0x079ce327,0x0f15f4c0,0x10f01eba,0x11a09ae7,0x24c33d33,0x2660316e,0x2ce21999,0x2e19ebdc,0x349cdcac,0x3ccfd60b,0x3ddd4698,0x49cc635d,0x5893d481,0x624ae5c0,0x63066434,0x685ffd83,0x747dff42,0x82bfc739,0x8f38f309,0x8f7140ea,0x921dec21,0x95d89b41,0x98a0871d,0xa2bccae9,0xa65b37a1,0xc519500e,0xc7e284b8,0xce89c80c,0xcf808000,0xd53b2679,0xd87574e0,0xde7874f3,0xed78cf4a,0xee0b5d8b,0xffffffff",SnowStorm,True,0xC69dd00f0000218B7e15B5AddC1026A3B07F1447,0xece583e2a41513ef3bbcfeae5ad5d47257bc546e50d26d808c6ffbb3a43b4762
0x6db943251e4126f913e9733821031791e75df713,24.539086983,2018-07-27 19:50:13+00:00,"0x018a25e8,0x06fdde03,0x079ce327,0x0f15f4c0,0x10f01eba,0x11a09ae7,0x24c33d33,0x2660316e,0x2ce21999,0x2e19ebdc,0x349cdcac,0x3ccfd60b,0x3ddd4698,0x49cc635d,0x5893d481,0x624ae5c0,0x63066434,0x685ffd83,0x747dff42,0x82bfc739,0x8f38f309,0x8f7140ea,0x921dec21,0x95d89b41,0x98a0871d,0xa2bccae9,0xa65b37a1,0xc519500e,0xc7e284b8,0xce89c80c,0xcf808000,0xd53b2679,0xd87574e0,0xde7874f3,0xed78cf4a,0xee0b5d8b,0xffffffff",ReadyPlayerONE,True,0xD2F3F49CBEb8B8A23E6174B28643856dac70EB23,0xd8035921ad9d33c1e355adf13eff593372b1e18215ca417028e491a61ba4a979
0xb9dad061b4ada5825abc2c9914e89181c0cdc56c,21.844431438,2018-08-31 01:52:37+00:00,"0x06fdde03,0x095ea7b3,0x18160ddd,0x23b872dd,0x30cc248e,0x313b7b19,0x313ce567,0x3ccfd60b,0x6b31ee01,0x70a08231,0x7de7a18d,0x7e95385c,0x8da5cb5b,0x9106d7ba,0x95d89b41,0x9b8d3064,0xa035b1fe,0xa9059cbb,0xad606c72,0xc600e1dc,0xd1f55764,0xd96a094a,0xdd62ed3e,0xffffffff",RTB2,True,0xe67E6E677D272A087A3828209e21fE62FE8d4881,0x803a6d0b84669f543e1037f765f8f7937316efa06b5a214f50a4996bf6368f07
0x792e6c37ae5ced8202794af26671531195418616,21.788953896,2018-11-17 19:39:28+00:00,"0x04729a8d,0x06fdde03,0x08ff90e0,0x0ebb0d30,0x10d0ffdd,0x117a4425,0x18160ddd,0x181f4180,0x1ddd303d,0x1f2698ab,0x22609373,0x22dc8e71,0x289fa844,0x313ce567,0x327683bb,0x34fa2d43,0x36684752,0x392efb52,0x3a7d773b,0x3c4ae1ee,0x3ccfd60b,0x4a208c38,0x4b750334,0x527ba1e1,0x5b6a7ec8,0x614a31bf,0x61677d4d,0x63f82d61,0x6537e401,0x688abbf7,0x6b2f4632,0x70a08231,0x72cee8ea,0x7367352d,0x759de398,0x78c7db00,0x7a1c39cb,0x7c6b2d6a,0x817c8966,0x81e6e083,0x8620410b,0x87c95058,0x8b349c35,0x8f16eb1a,0x92162de7,0x949e8acd,0x95d89b41,0x9d6d2321,0xa6b57b6d,0xa9059cbb,0xafa2a83f,0xb263c00c,0xb530700d,0xb6db75a0,0xb84c8246,0xbe9a6555,0xc47f0027,0xc549e4e9,0xc6461625,0xcf09e0d0,0xd0a05fea,0xd3ee99cf,0xd46d0a22,0xdbbb206f,0xdca27d5e,0xddf1be5f,0xe3489a4f,0xe4849b32,0xe70f5d95,0xe9fad8ee,0xec01438e,0xecb0116a,0xf3b39825,0xf6f36641,0xfdb5a03e,0xffffffff",ECT,True,0xE0Bd393B642949DdB7006F4CD2829A2dAFDf4cE8,0x967e98fc7825f40f61bc23b9b7964ac44634a291d4fed3782f8483b2bb904fca
0x9ea80e204045329ba752d03c395f82a12799f13d,21.661372541,2017-08-04 01:17:49+00:00,"0x01afebac,0x06fdde03,0x095ea7b3,0x13e7323e,0x14c0bc27,0x18160ddd,0x23b872dd,0x2af0ac71,0x313ce567,0x454b0608,0x4bb278f3,0x590e1ae3,0x6f7920fd,0x70a08231,0x75e2ff65,0x8328dbcd,0x8aef91f5,0x95a0f5eb,0x95d89b41,0xa9059cbb,0xbcde18f1,0xc039daf6,0xcb4c86b7,0xdc132be8,0xdd62ed3e,0xde824f93,0xe6aa216c,0xee97f7f3,0xffffffff",BlocklancerToken,True,0x5eeFC4f295045Ea11827F515c10D50829580CD31,0x6e753f137e5f07d38f9834ffe4ca5a8876a2f33c46a08b9354f4bd222ff6d25d
0x37304b0ab297f13f5520c523102797121182fb5b,21.563900023,2018-01-19 16:00:35+00:00,"0x1785f53c,0x24d7806c,0x2e1a7d4d,0x3448ec4a,0x4ab358c7,0x4b561a16,0x641bbdfe,0x70480275,0x8671b894,0x893d20e8,0xa6f9dae1,0xab47f1bf,0xb15a3647,0xcb1579ec,0xd0e30db0,0xd29f541d,0xf8b2cb4f,0xffffffff",SportCrypt,True,0x83C748303929E6b28cEB1d0D3B052d6Ec7317722,0x4d854ce99933434aaeec01b74667e661861ff46546c2e75658469d2a5118e0e9
0xaf7aea249098f2c2f50cc11d4000ccf798194373,21.17467,2017-09-05 09:19:19+00:00,"0x02d05d3f,0x1722a8b0,0x19e66508,0x2095f2d4,0x2a1be747,0x38af3eed,0x3ccfd60b,0x3f3a78d5,0x46287ddb,0x51c5d54d,0x51ded741,0x590e1ae3,0x5f48f393,0x612472fe,0x6fb66278,0x70a08231,0x9b2cb5d8,0x9c472c70,0x9c5e9023,0xa969574d,0xb2394040,0xb3007dc6,0xb65a1350,0xbe9a6555,0xc040e6b8,0xcbf2ad23,0xefbe1c1c,0xf0ea4bfc,0xf1d841f1,0xffffffff",ZTCrowdsale,True,0x556762f231c38742B9E04df7C5557005F5Bf5ce5,0x79b8642b436c0e360b15bca7341e2578bf8f134c7fce6014c5594a8a223524f6
0x29a6396b517fa62ca0eb72a886ac75d4b5a5f428,20.9,2018-01-14 11:57:35+00:00,"0x0be479e1,0x14614af9,0x17f708fb,0x19f363bc,0x2b55b792,0x2d923501,0x2e1a7d4d,0x4d5a8e10,0x54fd4d50,0x7ae20c59,0x7c422f1d,0x853828b6,0x89fb8a48,0x9aae82c1,0xa9cc4718,0xc0ee0b8a,0xc2fbe7bc,0xd0e30db0,0xd3c4c4d0,0xdef86cbb,0xf91c7ca3,0xfffe58a2,0xffffffff",,False,0xD61Caa220f27cDAbdD9B1F31Ae02e30F3a45f7bB,0x09bd90d9bc3cea0052f6522108b475fcad33a36d8ae23a8c9d54309fb22d6c58
0xe336d0c8b24d8e20b6f714522f590abadb601493,20.777144433,2018-08-06 03:05:16+00:00,"0x018a25e8,0x02186fa4,0x06fdde03,0x079ce327,0x0f15f4c0,0x10f01eba,0x11a09ae7,0x24c33d33,0x2660316e,0x2ce21999,0x2e19ebdc,0x3393bc43,0x349cdcac,0x3ccfd60b,0x3ddd4698,0x49cc635d,0x5893d481,0x624ae5c0,0x63066434,0x685ffd83,0x6d510a64,0x747dff42,0x82bfc739,0x88dfee60,0x8f38f309,0x8f7140ea,0x921dec21,0x95d89b41,0x98a0871d,0xa2bccae9,0xa65b37a1,0xb483c054,0xc519500e,0xc7e284b8,0xce89c80c,0xcf808000,0xd53b2679,0xd87574e0,0xde7874f3,0xed78cf4a,0xee0b5d8b,0xffffffff",FoMo3Dlong,True,0xA78CD12E5f2DAF88023f0bFE119EaC8b3F3dbc93,0xc79a385987f905f205d8a70c5c5eff9c8ff18fb7df852fc10c3065ccc3819432
0x8c0abc25baa0f3bb34090dae8cc8a04e8c32269b,20.340253127,2019-01-23 11:58:40+00:00,"0x02ebb2ed,0x0917abc0,0x0a35e6ad,0x0cdd6502,0x0f15f4c0,0x10f01eba,0x144fa6d7,0x156f616e,0x1e71ccb1,0x1f53ac02,0x21a42b89,0x21beee2c,0x25a5e6e9,0x382396ee,0x3a08efb2,0x3ccfd60b,0x41c0e1b5,0x429b2d5e,0x43d8fd06,0x4620411b,0x47119025,0x4c041892,0x5a3985ec,0x5c0cd9f7,0x624ae5c0,0x63066434,0x697f9a24,0x6a084660,0x6bbc979b,0x704b6c02,0x715018a6,0x747dff42,0x76b2ba84,0x76d6de66,0x7723d5e3,0x8c29d94d,0x8cde79eb,0x8da5cb5b,0x8f4ffcb1,0x9aad3e54,0x9eb933f7,0x9fa8f717,0xa29841b5,0xa621344a,0xb10bfc0c,0xbc520e9f,0xbd7f19b4,0xbe851ccf,0xcadbd14a,0xce3dde15,0xd0b8303e,0xd3041920,0xd382dd26,0xd53b2679,0xe2331806,0xe3b7434f,0xebbbdb4f,0xec3231ed,0xee0b5d8b,0xefc6b904,0xf2fde38b,0xf33c1752,0xfd3f5c8e,0xfede1ef7,0xffffffff",,False,0x248809394f86F5Fa0D4192EEb6b7677613596581,0xc20b276778e7009aa1edac51e9f1911d65c4fc6f867aff34bb35771bd711b417
0x61d64c69ee2b74d2f5739cbedee416ab6363804d,20.0,2018-05-09 20:18:45+00:00,"0x14614af9,0x1642045e,0x17f708fb,0x19f363bc,0x2b55b792,0x2d923501,0x2e1a7d4d,0x390a05a8,0x4d5a8e10,0x54fd4d50,0x5bbf97f2,0x7c422f1d,0x853828b6,0x89fb8a48,0x9aae82c1,0xa9cc4718,0xc0ee0b8a,0xd0e30db0,0xd3c4c4d0,0xdef86cbb,0xe7f4cc8c,0xf251fc8c,0xf91c7ca3,0xfffe58a2,0xffffffff",,False,0x679C6b34188eCD53FbA5F8cF5340c3698EdcE7C0,0x1a5db9c542c861205220df22e0671a3fc0f07567f55445b479a064116adc7f2b
0xccefbf06e69039df9632ea8b5484a8890d46bbbc,19.535138853,2018-04-27 01:37:33+00:00,"0x14614af9,0x1642045e,0x17f708fb,0x19f363bc,0x2b55b792,0x2d923501,0x2e1a7d4d,0x390a05a8,0x4d5a8e10,0x54fd4d50,0x5bbf97f2,0x7c422f1d,0x853828b6,0x89fb8a48,0x9aae82c1,0xa9cc4718,0xc0ee0b8a,0xd0e30db0,0xd3c4c4d0,0xdef86cbb,0xe7f4cc8c,0xf251fc8c,0xf91c7ca3,0xfffe58a2,0xffffffff",,False,0xeD176ee38D3A130CF7C0F4d3427989E046a04519,0xbb29c005f480b395a205a4452652b95aeaa7469047e46bc04cc31bd0140e7da9
0xf652d990e50af27d8d423ac80631b4f5ef6d4113,19.330982009,2018-03-14 10:23:02+00:00,"0x2c4e722e,0x4042b66f,0x4311de8f,0x521eb273,0x8da5cb5b,0xec8ac4d8,0xf2fde38b,0xfc0c546a,0xffffffff",,False,0xc0Dc5F073Bb83fAC5f55C687BfCe099658558434,0x3bc362171dfbf728e8c4dd36376b65f03b01075ceec5483d0d2dabb6d958ab72
0x3bc4f2dbd004ca363e5506c80d586dc3933d780a,19.224462,2018-06-10 14:39:51+00:00,"0x14614af9,0x1642045e,0x17f708fb,0x19f363bc,0x2b55b792,0x2d923501,0x2e1a7d4d,0x390a05a8,0x4d5a8e10,0x54fd4d50,0x5bbf97f2,0x7c422f1d,0x853828b6,0x89fb8a48,0x9aae82c1,0xa9cc4718,0xc0ee0b8a,0xd0e30db0,0xd3c4c4d0,0xdef86cbb,0xe7f4cc8c,0xf251fc8c,0xf91c7ca3,0xfffe58a2,0xffffffff",,False,0x709e6942CF5203123F2640B3d15de98e42b45605,0x54af41eff8b1e49131f4a7c0a05788bf921e26e93612969b020af79459cd4ec2
0x6552b02716bc7400fd97e5cab13e43607b5e63c3,19.127497585,2018-10-16 17:24:57+00:00,"0x06fdde03,0x10d0ffdd,0x18160ddd,0x22609373,0x313ce567,0x3ccfd60b,0x4b750334,0x56d399e8,0x688abbf7,0x6b2f4632,0x70a08231,0x8620410b,0x949e8acd,0x95d89b41,0xa9059cbb,0xe4849b32,0xe9fad8ee,0xf088d547,0xfdb5a03e,0xffffffff",WorldEthereumSupremeToken,True,0xB2D5c8D4BC9825e0a24F6ADF824117eAe1a00134,0x3170951096fd1369ece86ccc663d6dd38626527a081bf901ca00e86c6be48d41
0xd838f9c9792bf8398e1f5fbfbd3b43c5a86445aa,19.0950266,2016-04-21 07:57:31+00:00,"0x013cf08b,0x095ea7b3,0x0c3b7b96,0x0e708203,0x149acf9a,0x18160ddd,0x1f2dc5ef,0x21b5b8dd,0x234693d3,0x237e9492,0x23b872dd,0x34145808,0x39d1f908,0x4b6753bc,0x4df6d6cc,0x4e10c3ee,0x590e1ae3,0x612e45a3,0x643f7cdd,0x674ed066,0x6837ff1e,0x70a08231,0x749f9889,0x78524b2e,0x81f03fcb,0x82661dc4,0x82bf6464,0x8b15a605,0x8d7af473,0x96d7f3f5,0xa1da2fb9,0xa3912ec8,0xa9059cbb,0xb7bc2c84,0xbaac5300,0xc9d27afe,0xcc9ae3f6,0xcdef91d0,0xdbde1988,0xdd62ed3e,0xe33734fd,0xe5962195,0xe66f53b7,0xeceb2945,0xf8c80d26,0xfbac3951",,False,0x33d0EdC9d1F0407eD7bDD0637dE74cfdd24a56eE,0xc3ef345076b7596b0b60657fec489e62c16f9ab90b12e9023be3d17af5486e85
0xb3b33f59174f2ef62167770e4c9cabaa3879eb5d,19.061644895,2017-11-19 20:19:31+00:00,"0x06fdde03,0x083c6323,0x2b9edee9,0x2be86e01,0x3535ab2a,0x38af3eed,0x3b478fc5,0x3c8d284b,0x3ccfd60b,0x48cd4cb1,0x518ab2a8,0x590e1ae3,0x5da89ac0,0x5ed7ca5b,0x7119a490,0x84bcefd4,0x8da5cb5b,0x906a26e0,0xa47001a8,0xb9b8af0b,0xc4b6c2f3,0xcb13cddb,0xcb3e64fd,0xdccdc893,0xe342c2e6,0xe41f7dc1,0xe4e9bcca,0xeb08aa3b,0xece84fd5,0xf2fde38b,0xfb86a404,0xfc0c546a,0xffffffff",JincorTokenICO,True,0x150F83DCFf1B2c7614A125461C644d0DAa07399f,0x1ed785338a7234f65fffb7e4ab19ee6703a91c3a7e93342ccdca187aafd8e29c
0xf128d3173a194bda5df4c411f8333d2045a29480,18.93598,2017-07-25 21:59:05+00:00,"0x29b5b30c,0x41c0e1b5,0xe5225381,0xffffffff",,False,0x42dA8a05CB7eD9A43572b5BA1B8F82A0a6E263DC,0xb1ebd260566dd5288531c062496b47c8de273cf4ca269e675d778fd9dbccb3c8
0xf317a365cfef0aa4357abd057048808a1d430402,18.854373651,2018-08-29 04:53:25+00:00,"0x018a25e8,0x3c28308a,0x3c3c9c23,0x4311de8f,0x547e3f06,0x6561e6ba,0x747dff42,0x7e8ac590,0x80ec35ff,0x8da5cb5b,0xa05ce940,0xc5960c29,0xd65ab5f2,0xd982466d,0xe3aae11b,0xf7260d3e,0xffffffff",Plague,True,0x00Ee67308138958A08c463Ed144b86899537c923,0x8e04e4132cf03bb49d28ac98294571572b6390c4825d7efac88487c8b238d79c
0x887910314a3bfbe7b6ea0c5fbf3b9fd2fcac89d1,18.6396,2018-07-04 16:40:45+00:00,"0x14614af9,0x17f708fb,0x19f363bc,0x2618e6e9,0x2b55b792,0x2bc2b71a,0x2d923501,0x2e1a7d4d,0x4d5a8e10,0x52c790ee,0x6cae9070,0x71bdce55,0x7c422f1d,0x853828b6,0x9aae82c1,0xa9cc4718,0xd0e30db0,0xd3c4c4d0,0xdef86cbb,0xe4a0ce2f,0xfffe58a2,0xffffffff",,False,0x7B260473BFB76cc6a1FFAb6bDa4D3239D9218459,0x81b0902e04e7fa2ede913ff1c5e47f9674e6af7c12549a6d9f4ef7d4fb359356
0xaa1197f77a52d35dd454924f0d663870bb083c71,18.33340547,2018-05-11 12:51:16+00:00,"0x14614af9,0x1642045e,0x17f708fb,0x19f363bc,0x2b55b792,0x2d923501,0x2e1a7d4d,0x390a05a8,0x4d5a8e10,0x54fd4d50,0x5bbf97f2,0x7c422f1d,0x853828b6,0x89fb8a48,0x9aae82c1,0xa9cc4718,0xc0ee0b8a,0xd0e30db0,0xd3c4c4d0,0xdef86cbb,0xe7f4cc8c,0xf251fc8c,0xf91c7ca3,0xfffe58a2,0xffffffff",,False,0x709e6942CF5203123F2640B3d15de98e42b45605,0x90b3c06d7dd406b861b96f185e9b20b634a787e47cd098a32a45a453924c516a
0xf9837167c3b465d2b041748dca0a81f13f18ba3f,18.289779114,2017-08-07 20:49:27+00:00,"0x29b5b30c,0x41c0e1b5,0xe5225381,0xffffffff",,False,0x42dA8a05CB7eD9A43572b5BA1B8F82A0a6E263DC,0x28834aa499db5e022cb079dd52182c8dc7e321c4a7456a63d1c58ed7629f0b0f
0x2cac6e4b11d6b58f6d3c1c9d5fe8faa89f60e5a2,18.165856734,2016-05-05 04:14:37+00:00,"0x021b03b9,0x0cd40fea,0x1d2ae79c,0x21c03a97,0x2cb0d48a,0x32454dbb,0x3c06ae68,0x41c0e1b5,0x4fb764c9,0x56a060a2,0x5d0e6672,0x5da05e2e,0x6a751710,0x72883492,0x76ad3abf,0x7a9e5410,0x7fb106a9,0x825db5f7,0x87a65513,0x9d0f8763,0x9d45d077,0xa51687df,0xa5de3619,0xb4da4e37,0xdb85bd78,0xdbff4182,0xddbdf242,0xe35ca326,0xf04fd2f3,0xf147ddfa",,False,0x3693d3cd378ded4faF2a9f6C52D94079a784763E,0x5b77b5205cfe458dd197e6941c3757e7e9d85d67b5711c4624354b4b5a954c9f
0x30b6a0a316f19f746ab23c983e9db044494b0685,17.990000008,2017-08-07 23:54:48+00:00,"0x29b5b30c,0x41c0e1b5,0xe5225381,0xffffffff",,False,0x42dA8a05CB7eD9A43572b5BA1B8F82A0a6E263DC,0xbb01844c099b5b3cbc52943665a968d7b85173784daa76583baf7c3b81e0f3f5
0x6b249a94182219cb1af58a197573dccd9ab94144,17.89480185,2018-09-24 15:27:40+00:00,"0x03c175ff,0x06fdde03,0x095ea7b3,0x18160ddd,0x23b872dd,0x2bf4760b,0x313ce567,0x3ccfd60b,0x40c10f19,0x4172d080,0x42966c68,0x4ec883d1,0x70a08231,0x762c159a,0x8284f2a7,0x8406ab82,0x8b77071c,0x8da5cb5b,0x903e285a,0x94807acc,0x95d89b41,0x97da2f8c,0x9b741d9d,0xa9059cbb,0xd72d04db,0xd83edd70,0xdd62ed3e,0xe39f722a,0xf16b6482,0xf45ef033,0xffffffff",DRSCoin,True,0x36653dE42a90b53785Fa592E4C1b9498fd9Fd72d,0x90a1c8add364fe91c1c182b191eec2643a07be526ff5e37911e3944377b74b8e
0x79f2b7994f3e9ad7b475e955592c7349e17c9254,17.880848106,2017-07-25 22:13:09+00:00,"0x29b5b30c,0x41c0e1b5,0xe5225381,0xffffffff",,False,0x42dA8a05CB7eD9A43572b5BA1B8F82A0a6E263DC,0x16c83392e17856812217f345ae2ad203e4fe584343633a91dad46aa6c1ff96f1
0x2f23228b905ceb4734eb42d9b42805296667c93b,17.360306749,2018-05-08 08:21:30+00:00,"0x0a19b14a,0x14143c91,0x19774d43,0x278b8c0e,0x2e1a7d4d,0x338b5dea,0x3c2e2a75,0x46be96c3,0x4a180cb3,0x508493bc,0x65e17c9d,0x6a523c5e,0x6c86888b,0x71ffcb16,0x8823a9c0,0x8f283970,0x9e281a98,0xab6db724,0xc0ee0b8a,0xc281309e,0xcf478921,0xd0e30db0,0xf7888aec,0xf851a440,0xfb6e155f,0xfba9dbbb,0xffffffff",Coinchangex,True,0xB2d2e17ADdbF654F7a9E4D65975ab715d3022355,0x325d310b8882ba68fdc85b1e9aa5143c2a5e037db634a34e9ecfbb755efc0aea
0xb233cb2f0dce57a56bf732767f45ffc8650186c5,17.317860957,2016-06-30 13:01:59+00:00,"0x0cd40fea,0x1d2ae79c,0x21c03a97,0x2cb0d48a,0x32454dbb,0x3c06ae68,0x41c0e1b5,0x4278e3ef,0x48417750,0x4fb764c9,0x56a060a2,0x5d0e6672,0x5da05e2e,0x6a751710,0x72883492,0x76ad3abf,0x7a9e5410,0x7fb106a9,0x825db5f7,0x87a65513,0x9d0f8763,0x9d45d077,0xa51687df,0xa5de3619,0xb3066d49,0xb4da4e37,0xdb85bd78,0xdbff4182,0xddbdf242,0xe35ca326,0xf04fd2f3,0xf147ddfa",,False,0x0520F6122aF6e8B837b30E45E8dEE4BD0e00030D,0x6ecd8612f08eaf6ba88fba132c9d623d16f162eeed6d7b7f48e5258fa2ca2524
0x5087fecec9b7386d1f2417fd779e1fd9bf509466,17.0,2017-08-31 22:14:34+00:00,"0x06fdde03,0x18886657,0x2b9edee9,0x3197cbb6,0x38af3eed,0x3ccfd60b,0x4042b66f,0x518ab2a8,0x590e1ae3,0x5da89ac0,0x78e97925,0x7ff9b596,0x8d8f2adb,0x8da5cb5b,0x906a26e0,0xd7e64c00,0xece84fd5,0xf2fde38b,0xfb86a404,0xfc0c546a,0xffffffff",,False,0x6EACD60f741BAaaF7624735eDd87b5C4eCAb167E,0xece70f53dd145fe93b619ee2c0fa0e6642607f46a74134eee8c0763d22b8bf4a
0xc6b330df38d6ef288c953f1f2835723531073ce2,16.836616675,2016-07-08 17:25:31+00:00,"0x0a19b14a,0x2e1a7d4d,0x338b5dea,0x57786394,0x65e17c9d,0x6c86888b,0x93f0bb51,0x9e281a98,0xc281309e,0xd0e30db0,0xf7888aec,0xfb6e155f",,False,0xE3C47647B0AaA19C214f76d7A4750732a21227a3,0x715c38c6288ec0ba78ecec230be9bcea445d9f1d65dd97f52556c1a152f7eaf1
0x3fd30f3e1fbf4f3ea6bdf3e3bb11826266708869,16.691711126,2018-06-01 06:53:32+00:00,"0x1edc5ce0,0x27e235e3,0x2bdd530b,0x2c4e722e,0x313ce567,0x4559b2e8,0x4783c35b,0x48224f67,0x51c221ec,0x55909da3,0x590e1ae3,0x69f66950,0x79318d81,0x8c52dc41,0x8da5cb5b,0x932c90f3,0x9a721302,0xaf713dda,0xb4427263,0xbe9a6555,0xc19d93fb,0xc2845184,0xd14cd233,0xd7a5afcf,0xe0475e27,0xef7dd831,0xefbe1c1c,0xf17382ae,0xf2fde38b,0xf6f6fc74,0xf89be593,0xfc0c546a,0xffffffff",AgroTechFarmCrowdsale,True,0x40293F239A410AeCc3A2Aee0548b43254721f548,0x345ca9545b19a96e16e59f8f442e7b5e43cf58aff199b9a1a1bb4ef707b1abbf
0x2711847ffe2a0dd128197c3a6fe193fad1995ef3,16.68338495,2018-09-19 02:59:13+00:00,"0x018a25e8,0x06fdde03,0x0f15f4c0,0x10f01eba,0x11a09ae7,0x24c33d33,0x2660316e,0x2ce21999,0x2e19ebdc,0x3ccfd60b,0x3ddd4698,0x49cc635d,0x5893d481,0x624ae5c0,0x63066434,0x747dff42,0x75661f4c,0x82bfc739,0x8f7140ea,0x95d89b41,0x98a0871d,0xa2bccae9,0xc519500e,0xc7e284b8,0xce89c80c,0xcf808000,0xd53b2679,0xd87574e0,0xdcb6af48,0xde7874f3,0xed78cf4a,0xee0b5d8b,0xffffffff",,False,0x2eE1C251e53ce18f7343F0a245926427B8B7C6c8,0x6ac580c6dc6676df0ae0e90cf500cbea6de089ed99fec974b8be97a34d7cddab
0x5597c9495f0df2d34ce175c448bc0e2a6bc86739,16.641000008,2017-08-07 22:19:23+00:00,"0x29b5b30c,0x41c0e1b5,0xe5225381,0xffffffff",,False,0x42dA8a05CB7eD9A43572b5BA1B8F82A0a6E263DC,0x2b72776d431672e7b01813e237fef3806502099ba4e8ca41b9d3b01751c78dd4
0xda0e8afa6b84b8e609430a384f31ed3c51ae0a69,16.48831059,2017-08-07 20:33:40+00:00,"0x29b5b30c,0x41c0e1b5,0xe5225381,0xffffffff",,False,0x42dA8a05CB7eD9A43572b5BA1B8F82A0a6E263DC,0x67aa36010626fef3748cb1a36f05ec359106984eab181cf51bf1952c5b9116c6
0x17f8f33e33a65346916a816177ce7dac2fb68d35,16.42548762,2017-03-22 12:11:59+00:00,"0x29b5b30c,0x41c0e1b5,0xe5225381",,False,0x42dA8a05CB7eD9A43572b5BA1B8F82A0a6E263DC,0xfe110f377fc7d719d07182847f14098ac4e40c76c5e358f6014b30497ffe2ad1
0x51bb7afb900f6676878a1e49966fcee29d4e449c,16.424776819,2018-10-25 14:02:47+00:00,"0x019d16f9,0x035c7cd5,0x03da3582,0x07feb8f4,0x088c6ce3,0x10fb5ba6,0x1322e307,0x170111c2,0x17ffc320,0x1862fbae,0x1b26b367,0x1b5ae6e1,0x22052d07,0x242a9888,0x24e2f5c2,0x2977f106,0x2be691dc,0x378aa701,0x37952661,0x37c161a0,0x3b11f49a,0x3bc5de30,0x3ccfd60b,0x43243797,0x44530f3a,0x4a160a3f,0x4a79c25c,0x4fa6a737,0x56397c35,0x56582bf9,0x5671e4d2,0x571652db,0x6911e51e,0x6b92cdc5,0x6d916788,0x6eef0ff6,0x6f0b0c1c,0x757d0fba,0x79fd7754,0x7cc300c9,0x7df1f1b9,0x83aa9975,0x88798935,0x8958822b,0x8b396580,0x8e19e1ee,0x8fdf6eba,0x929eea21,0x92d09ceb,0x9b94f0ae,0x9cf4d409,0x9d08adf7,0x9f727c27,0xa717ef34,0xa846c2fd,0xa8f81b65,0xae0229b3,0xaf32e2d5,0xbd8d8736,0xc276f44d,0xc4c2b5ea,0xca1d209d,0xcbde3d74,0xceae2688,0xd448f4ac,0xd8270dce,0xe0e60ef0,0xe273fa87,0xe6013b72,0xe7dde10d,0xe824600f,0xe8db0562,0xe8e28f1c,0xea8a1af0,0xf0149a0e,0xf65bad06,0xf90ca117,0xfe2f796b,0xffffffff",,False,0x9423317A48B4b0Af453B1F206e96E65AbfAD3E26,0x9c4c9872438a5fdb872ea9ba1da52ae66765671e7c571ecf93246a360292aa3e
0x0393aeb475e784785378eb1389de95fa2949a828,16.367732,2018-02-12 11:23:15+00:00,"0x0be479e1,0x14614af9,0x17f708fb,0x19f363bc,0x2b55b792,0x2d923501,0x2e1a7d4d,0x4d5a8e10,0x54fd4d50,0x7c422f1d,0x853828b6,0x89fb8a48,0x9aae82c1,0xa9cc4718,0xc0ee0b8a,0xc2fbe7bc,0xd0e30db0,0xd3c4c4d0,0xdef86cbb,0xf91c7ca3,0xfffe58a2,0xffffffff",,False,0xEbeB9b29250F25dc4FB39c8794809978818525Aa,0x75f8bb556576191bc7d225aa3d1dc41a7c2374b27d038e19e25c7c2a1e74946b
0x5a5eff38da95b0d58b6c616f2699168b480953c9,16.1958786,2016-06-23 13:53:26+00:00,"0x09a399a7,0x0af658ca,0x0ce3151c,0x2e1a7d4d,0x4a9b3f95,0x4b319713,0x524fa7b9,0x61591a7c,0x98866c1a,0x9b19251a,0x9e7a13ad,0xa932ed0d,0xb60e72cc,0xb7e9f193,0xcc6cb19a,0xed88c68e",,False,0xBf885e2B55C6bcC84556a3c5F07d3040833C8D00,0x002699611cb2bf3f9c562a53558578e798bb6c7d1f4110440ed9ed66c62b650a
0x2ed0cb0c5bca8581b5ce01a1622cf4d3f3997863,16.1938,2017-08-18 07:39:19+00:00,"0x29b5b30c,0x41c0e1b5,0xe5225381,0xffffffff",,False,0x42dA8a05CB7eD9A43572b5BA1B8F82A0a6E263DC,0x42e685232e7be4d70a790f9d733d6368029fa76a2de76857a1270f5f428deadc
0xc728a64af23f8e14edf7aa138c8650b3c6d31d57,16.0,2018-02-16 21:45:37+00:00,"0x0be479e1,0x14614af9,0x17f708fb,0x19f363bc,0x2b55b792,0x2d923501,0x2e1a7d4d,0x4d5a8e10,0x54fd4d50,0x7c422f1d,0x853828b6,0x89fb8a48,0x9aae82c1,0xa9cc4718,0xc0ee0b8a,0xc2fbe7bc,0xd0e30db0,0xd3c4c4d0,0xdef86cbb,0xf91c7ca3,0xfffe58a2,0xffffffff",,False,0x1d720971A5851eEaA01903BCD7e637523ffA868e,0xe3997d096a6356ca439e43dc58f125dc804a8c76bdaf56448ff09a38d9067a86
0x4d75e359f66a79ce486d26398cd7d9409deb03c6,15.990000008,2017-08-07 19:28:13+00:00,"0x29b5b30c,0x41c0e1b5,0xe5225381,0xffffffff",,False,0x42dA8a05CB7eD9A43572b5BA1B8F82A0a6E263DC,0x3353c19857ac99cdd90981ba80594e5210b13de0b0eee741c8aa48ae5070e7a0
0x205718799d502fe2c45d3afc91c3c8ccb5c0836f,15.81745577,2018-08-13 09:39:58+00:00,"0x018a25e8,0x06fdde03,0x079ce327,0x0f15f4c0,0x10f01eba,0x11a09ae7,0x24c33d33,0x2660316e,0x2ce21999,0x2e19ebdc,0x349cdcac,0x3ccfd60b,0x3ddd4698,0x49cc635d,0x5893d481,0x624ae5c0,0x63066434,0x685ffd83,0x72baa12e,0x747dff42,0x82bfc739,0x8f38f309,0x8f7140ea,0x921dec21,0x95d89b41,0x98a0871d,0xa2bccae9,0xa65b37a1,0xc06b5281,0xc519500e,0xc7e284b8,0xce89c80c,0xcf808000,0xd53b2679,0xd87574e0,0xde7874f3,0xed78cf4a,0xee0b5d8b,0xffffffff",,False,0x119F627123936B0a456cf3Ec5AA172186c915A36,0xca08c2c9b11400f8dad5bb10d62d56e8795bd57b9330ced0769f055a3ab0c417
0xe9bb610e707a631e3460a9830821d3970a378166,15.78996835,2018-02-06 04:29:12+00:00,"0x0be479e1,0x14614af9,0x17f708fb,0x19f363bc,0x2b55b792,0x2d923501,0x2e1a7d4d,0x4d5a8e10,0x54fd4d50,0x7ae20c59,0x7c422f1d,0x853828b6,0x89fb8a48,0x9aae82c1,0xa9cc4718,0xc0ee0b8a,0xc2fbe7bc,0xd0e30db0,0xd3c4c4d0,0xdef86cbb,0xf91c7ca3,0xfffe58a2,0xffffffff",,False,0x9F9C44FA4bEBf243f61589F735C1b6CDB6c7F887,0x37ce2d6af9d19bf973553c13cdf80e17972fd832dc5f69b8066d33a01168c8f9
0x4c29d75cc423e8adaa3839892feb66977e295829,15.767126872,2018-04-07 03:21:51+00:00,"0x06fdde03,0x10d0ffdd,0x18160ddd,0x22609373,0x27defa1f,0x313ce567,0x392efb52,0x3ccfd60b,0x4b750334,0x56d399e8,0x688abbf7,0x6b2f4632,0x70a08231,0x8328b610,0x8620410b,0x89135ae9,0x949e8acd,0x95d89b41,0xa8e04f34,0xa9059cbb,0xb84c8246,0xc47f0027,0xe4849b32,0xe9fad8ee,0xf088d547,0xfdb5a03e,0xffffffff",POOH,True,0x7e474fe5Cfb720804860215f407111183cbc2f85,0x11bb538591a890a8c3df556eca4ecd10dc71be9e8606b76a4b51cd8881b61e90
0xaff69c67f5dbbdd088ccbc6d47cb9e0ea547e132,15.292584904,2018-08-20 19:57:00+00:00,"0x018a25e8,0x06fdde03,0x079ce327,0x0f15f4c0,0x10f01eba,0x11a09ae7,0x24c33d33,0x2660316e,0x2ce21999,0x2e19ebdc,0x349cdcac,0x3ccfd60b,0x3ddd4698,0x49cc635d,0x5893d481,0x624ae5c0,0x63066434,0x685ffd83,0x747dff42,0x82bfc739,0x8f38f309,0x8f7140ea,0x921dec21,0x95d89b41,0x98a0871d,0xa2bccae9,0xa65b37a1,0xc519500e,0xc7e284b8,0xce89c80c,0xcf808000,0xd53b2679,0xd87574e0,0xde7874f3,0xee0b5d8b,0xffffffff",Fomo,True,0x9018EfB753F25F4f39C7Da6f2aCccd887d6A82A0,0x72f5c983f22d892a9434d1bbcd8cf8884aa79dee08099cabacf9a8bf2ce19b11
0xc16b542ff490e01fcc0dc58a60e1efdc3e357ca6,15.236719761,2018-01-19 06:25:20+00:00,"0x06fdde03,0x095ea7b3,0x0b98f975,0x18160ddd,0x23b872dd,0x26ea74e2,0x2e1a7d4d,0x3deaa297,0x70a08231,0x86485cdf,0x95d89b41,0xa9059cbb,0xb4f2dc7d,0xb52a5851,0xd0679d34,0xdd62ed3e,0xffffffff",IceRockMining,True,0xB16Dc534252E1bBc5a5190e7225615360D1E27eB,0x7bbbb710b78f4f265a8b42aee1547d5339495ff8d7c6001d0cc110d356cb6a1f
0x366c39b77ae23becae87ee23fdacbe77ccb26f48,15.178831418,2017-08-08 00:37:32+00:00,"0x29b5b30c,0x41c0e1b5,0xe5225381,0xffffffff",,False,0x42dA8a05CB7eD9A43572b5BA1B8F82A0a6E263DC,0x33b11908f08d45b4148079cadc6202c01671ac5f7a5478e8b846c022ce113124
0x8f1bd425c64725013ebc98efc246c8f60da8812d,15.152996748,2018-07-27 15:52:56+00:00,"0x14614af9,0x17f708fb,0x19f363bc,0x2618e6e9,0x2b55b792,0x2bc2b71a,0x2d923501,0x2e1a7d4d,0x4d5a8e10,0x52c790ee,0x6cae9070,0x71bdce55,0x7c422f1d,0x853828b6,0x9aae82c1,0xa9cc4718,0xd0e30db0,0xd3c4c4d0,0xdef86cbb,0xe4a0ce2f,0xfffe58a2,0xffffffff",,False,0x7B260473BFB76cc6a1FFAb6bDa4D3239D9218459,0x90203af9ade10ee947ca6e74463d55df396fc5403caf45c05b73d2596f96c6a7
0xbeeb655808e3bdb83b6998f09dfe1e0f2c66a9be,14.726,2018-06-09 10:06:06+00:00,"0x0a19b14a,0x0b927666,0x19774d43,0x278b8c0e,0x29b1ce4d,0x2d804ca2,0x2e1a7d4d,0x338b5dea,0x508493bc,0x54d03b5c,0x57786394,0x5e1d7ae4,0x65e17c9d,0x68df4dda,0x6c86888b,0x71ffcb16,0x731c2f81,0x8823a9c0,0x8f283970,0x9324dfff,0x9e281a98,0xaaa6bc40,0xbb5f4629,0xc281309e,0xd0e30db0,0xdaf9c210,0xe8f6bc2e,0xf3412942,0xf621cc48,0xf7888aec,0xf851a440,0xfb6e155f,0xffffffff",SwissCryptoExchange,True,0xF909d2168d2623967E0E870C89576b0948dD32AF,0x915d170a4e13717a48ae29dea399be0d109ce8b7d32d6b4c957fd68fb634d9bb
0xfcd3a0f5f416e407647a7518b90354946d316059,14.636793784,2019-06-25 10:24:00+00:00,"0x06fdde03,0x10d0ffdd,0x18160ddd,0x22609373,0x27defa1f,0x313ce567,0x392efb52,0x3ccfd60b,0x4b750334,0x56d399e8,0x688abbf7,0x6b2f4632,0x70a08231,0x8328b610,0x8620410b,0x89135ae9,0x949e8acd,0x95d89b41,0xa8e04f34,0xa9059cbb,0xb84c8246,0xc47f0027,0xe4849b32,0xe9fad8ee,0xf088d547,0xfdb5a03e,0xffffffff",BitConnect,True,0xe56570858990aA5810220f7fd54dCaAf25AeA8fA,0xf784d24a6dea3ebb73e0931e04f36c111f65e06306ec6c7ee5bb042d49ba0dd3
0xa9388c84fe2ed0c13b219c6c0c5edbd3341f1d14,14.605548434,2018-05-25 01:13:21+00:00,"0x14614af9,0x1642045e,0x17f708fb,0x19f363bc,0x2b55b792,0x2d923501,0x2e1a7d4d,0x390a05a8,0x4d5a8e10,0x54fd4d50,0x5bbf97f2,0x7c422f1d,0x853828b6,0x89fb8a48,0x9aae82c1,0xa9cc4718,0xc0ee0b8a,0xd0e30db0,0xd3c4c4d0,0xdef86cbb,0xe7f4cc8c,0xf251fc8c,0xf91c7ca3,0xfffe58a2,0xffffffff",,False,0x709e6942CF5203123F2640B3d15de98e42b45605,0x391cbea5fcfe866c333944d882a6c39999dbd39ce81e3436659a5097ba94f49e
0x6103281b7d1f7862d692fda42dc06ece61a40547,14.351179898,2018-06-18 14:39:44+00:00,"0x0d80fefd,0x3ccfd60b,0x492cc769,0x55872813,0x5a75b8d5,0x6776ddd0,0xa035b1fe,0xe3d670d7,0xffffffff",OneSingleCoin,True,0x9517b9bA35513b9e345c72B27f4E1bf745284Ea3,0x532742b178a29dac599191e172eb58bd55a2edb30860e7be15f5b7baad59d8e0
0x3e2d7bf7f7b883e0ef771821d0b421529c5e97ff,14.270814399,2018-05-23 08:45:17+00:00,"0x019d16f9,0x035c7cd5,0x03da3582,0x07feb8f4,0x088c6ce3,0x10fb5ba6,0x1322e307,0x170111c2,0x17ffc320,0x1862fbae,0x1b26b367,0x1b5ae6e1,0x22052d07,0x242a9888,0x24e2f5c2,0x2977f106,0x2be691dc,0x378aa701,0x37952661,0x37c161a0,0x3b11f49a,0x3bc5de30,0x3ccfd60b,0x43243797,0x44530f3a,0x4a160a3f,0x4a79c25c,0x4fa6a737,0x56397c35,0x56582bf9,0x5671e4d2,0x571652db,0x6911e51e,0x6b92cdc5,0x6d916788,0x6eef0ff6,0x6f0b0c1c,0x757d0fba,0x79fd7754,0x7cc300c9,0x7df1f1b9,0x83aa9975,0x88798935,0x8958822b,0x8b396580,0x8e19e1ee,0x8fdf6eba,0x929eea21,0x92d09ceb,0x9b94f0ae,0x9cf4d409,0x9d08adf7,0x9f727c27,0xa717ef34,0xa846c2fd,0xa8f81b65,0xae0229b3,0xaf32e2d5,0xbd8d8736,0xc276f44d,0xc4c2b5ea,0xca1d209d,0xcbde3d74,0xceae2688,0xd448f4ac,0xd8270dce,0xe0e60ef0,0xe273fa87,0xe6013b72,0xe7dde10d,0xe824600f,0xe8db0562,0xe8e28f1c,0xea8a1af0,0xf0149a0e,0xf65bad06,0xf90ca117,0xfe2f796b,0xffffffff",,False,0x9423317A48B4b0Af453B1F206e96E65AbfAD3E26,0xee0162904820112d356cd09456899b64be38cf9892c2ad8ab6ae1c1a2b7a6da8
0xd7378939089abd6656d3f523bf55edcd2213332c,14.260245102,2019-01-23 09:21:32+00:00,"0x045dd93b,0x04ed02f6,0x06fdde03,0x08d4db14,0x0c23cf4b,0x0d3682d9,0x24294b1f,0x277b2db6,0x3ccfd60b,0x52e5ee69,0x6b335b8c,0x6c0a3f09,0x70a56127,0x717ab112,0x747dff42,0x75d9085a,0x8f38f309,0x9374327e,0x95d89b41,0x98ade1d6,0x9b6ed777,0xa1a200c5,0xb43f8a5c,0xb6b55f25,0xbba5ad87,0xc503a868,0xc653411d,0xc7e284b8,0xcfbb7d36,0xd47875d0,0xee0b5d8b,0xffffffff",NTA3D,True,0xFD7A82437F7134a34654D7Cb8F79985Df72D7076,0xbbcbc658ef17a44a43a2e0d31b7066b2e6392a5971958472eb22e69304340d64
0x6e2e5b0bad80eac708fefe902a7e6917b95d7d2a,14.222673419,2018-03-31 14:52:45+00:00,"0x14614af9,0x17f708fb,0x19f363bc,0x2b55b792,0x2d923501,0x2e1a7d4d,0x4d5a8e10,0x54fd4d50,0x7c422f1d,0x853828b6,0x89fb8a48,0x9aae82c1,0xa9cc4718,0xc0ee0b8a,0xd0e30db0,0xd3c4c4d0,0xdef86cbb,0xf91c7ca3,0xfffe58a2,0xffffffff",,False,0xc0ABBf630BC11aA4A48f2CB6735F22104EeAF3e2,0xe823df27d20ba8dbefbcfe7947ad2b961d96314ed6bf60863214d69df57e3785
0xfdc77b9cb732eb8c896b152e28294521f5f62e67,14.148739496,2016-05-11 18:37:42+00:00,"0x06c3a2fc,0x0a8736d5,0x0d4a4723,0x173825d9,0x1e4c8683,0x21096830,0x2c4e722e,0x2e2e392b,0x2f54bf6e,0x3ee1d90a,0x3fc981a0,0x58d5aa2b,0x58d9fa04,0x59e4aec6,0x5c6a82a9,0x60ff5013,0x6448f6e1,0x692a365d,0x7065cb48,0x71d5ed7f,0x746c9171,0x76b12c37,0x7f9bfac3,0x823d6122,0x88d27cd4,0x89001a85,0x91f6dc8f,0x95a19df5,0x97b7b03d,0xa69df4b5,0xa84ab58a,0xac5d4234,0xb0467deb,0xb75c7dc6,0xba51a6df,0xbd1a1f9c,0xbd1ed5c3,0xc20652fe,0xc2b4748c,0xc2cf7326,0xc75155fd,0xcf309012,0xd179f085,0xd2d209d9,0xd2f7265a,0xd71a7c83,0xda78abbb,0xdb1ed5a5,0xde890fc6,0xe2ee74b9,0xe40e6294,0xe4aedfe5,0xe546bb0c,0xe637a44b,0xeb5f9bb4,0xf00d4b5d,0xf3c5dcde,0xf5a5f771,0xf5d2ad53,0xf83d08ba",,False,0xdF7e1f46f3a53552c168f28ad95eF5EaB6283178,0xcd6c037a7cb9798ae6b31048ac197fdcce49b27c3f6550c883d02acd273040db
0xde527099f9ecf94a67bc94c676694453f6bda781,14.132357089,2018-08-24 09:09:02+00:00,"0x018a25e8,0x06fdde03,0x0cee2ea7,0x0f15f4c0,0x10f01eba,0x11a09ae7,0x24c33d33,0x2660316e,0x2ce21999,0x2e19ebdc,0x349cdcac,0x35eb5208,0x3ccfd60b,0x3ddd4698,0x3f6dfdbc,0x49cc635d,0x5893d481,0x59927044,0x5fbac236,0x624ae5c0,0x63066434,0x6c81c229,0x747dff42,0x82bfc739,0x8ea5220f,0x8f38f309,0x8f7140ea,0x921dec21,0x95d89b41,0x98a0871d,0xa2bccae9,0xc519500e,0xc7e284b8,0xce89c80c,0xcea74130,0xcf808000,0xd53b2679,0xd87574e0,0xde7874f3,0xed78cf4a,0xee0b5d8b,0xf16fca48,0xffffffff",,False,0xE003d8A487ef29668d034f73F3155E78247b89cb,0x0ee46d032933634b7a451fe3b32c9232e0ab1f9324b74204cb6148b2de3a862d
0xc6e5e9c6f4f3d1667df6086e91637cc7c64a13eb,14.119481509,2019-11-16 10:57:29+00:00,"0x06fdde03,0x0f34dc16,0x10d0ffdd,0x18160ddd,0x22609373,0x27defa1f,0x294205b4,0x313ce567,0x392efb52,0x3ccfd60b,0x4000aea0,0x4411b711,0x4b750334,0x56d399e8,0x688abbf7,0x6b2f4632,0x70a08231,0x8328b610,0x8620410b,0x88a8c95c,0x8da5cb5b,0x949e8acd,0x95d89b41,0xa8e04f34,0xa9059cbb,0xab1eedb2,0xb84c8246,0xc47f0027,0xcaa877e7,0xdf8089ef,0xe4849b32,0xe9fad8ee,0xf088d547,0xfdb5a03e,0xffffffff",Eightherbank,True,0x60bc6fa49588bbB9e3273E1fc421f383393E2fc3,0x520dc0adba7e059ae72073e5a0154be1192e9cffe065dc468992a860684636c2
0xe7dfecf9b995f5472e88e048c0935f8704326fd5,13.82,2017-03-03 12:02:45+00:00,"0x2e1a7d4d,0x38d52e0f,0x4b750334,0x4ca50f59,0x8d92fdf3,0x8da5cb5b,0x976a8435,0x9e281a98,0xa6f2ae3a,0xce5e84a3,0xf2fde38b",TokenTrader,True,0xC4aF56cD5254Aef959D4BcE2F75874007808b701,0xe6599b72975c3628f786f4692f08adcc24a7cead8f8e48800c688a5030db64b5
0x51e9244bae3fca7473fe48651dfd7db53aa55856,13.816435704,2018-08-31 02:50:40+00:00,"0x0806506e,0x080b3713,0x112b2b07,0x2e1a7d4d,0x57386c2a,0x5af42b93,0x6a343df3,0x73ec9479,0x7deb6025,0x87164064,0x8da5cb5b,0x976138c1,0x98d5fdca,0x993ca7e3,0xab351270,0xad606c72,0xb187bd26,0xbdf99016,0xbf8bdac1,0xc8ab6017,0xc93e05a9,0xcd094fb1,0xd598d4c9,0xd65ab5f2,0xe87ed8b5,0xe9dd9030,0xeb40a9c8,0xf86325ed,0xfac6c826,0xffffffff",RobTheBank,True,0xe67E6E677D272A087A3828209e21fE62FE8d4881,0x3173cf276d575a54f45bc18f2918c043f9ce5fa5fe5391cd1834637c318abd71
0xa620240a87ab21c9eb5cd5265e3e6c7de8103dae,13.749,2018-08-15 07:22:59+00:00,"0x153fbb81,0x1e9a6950,0x2e1a7d4d,0x715018a6,0x8da5cb5b,0xa79e07c1,0xf2fde38b,0xffffffff",,False,0x9445dCeF82ac49866cE304aaBa6E5Af03Fe3B24a,0x1f268eec2cc20915428528de0c8832992e079884dcad5c916c474a12b8679261
0x6d0f7d4a214bf9a9f59dd946b0211b45f6661dd4,13.650357,2018-02-12 20:11:56+00:00,"0x06fdde03,0x095ea7b3,0x18160ddd,0x1b05ab79,0x23b872dd,0x28ce48a0,0x2e1a7d4d,0x313ce567,0x326687b9,0x355274ea,0x42966c68,0x639decb1,0x66188463,0x6ba6d21a,0x70a08231,0x8da5cb5b,0x95d89b41,0x9cc1d24b,0xa1e9da53,0xa9059cbb,0xac077f6d,0xb66a0e5d,0xca430679,0xd73dd623,0xdc8af019,0xdd62ed3e,0xec8ac4d8,0xf2fde38b,0xffffffff",Ping Chain Tokens,False,0x08e8887487d649E41937DaAA1b5EEfFf38045F5a,0xcf1a1c5439614086144fb857cc3cad04c3135a1f9c1942562ec3e191534dacfc
0x86d179c28cceb120cd3f64930cf1820a88b77d60,13.599911851,2018-07-24 08:13:48+00:00,"0x018a25e8,0x06fdde03,0x079ce327,0x0f15f4c0,0x10f01eba,0x11a09ae7,0x24c33d33,0x2660316e,0x2ce21999,0x2e19ebdc,0x349cdcac,0x3ccfd60b,0x3ddd4698,0x49cc635d,0x5893d481,0x624ae5c0,0x63066434,0x685ffd83,0x747dff42,0x82bfc739,0x8f38f309,0x8f7140ea,0x921dec21,0x95d89b41,0x98a0871d,0xa2bccae9,0xa65b37a1,0xb483c054,0xc519500e,0xc7e284b8,0xce89c80c,0xcf808000,0xd53b2679,0xd87574e0,0xde7874f3,0xed78cf4a,0xee0b5d8b,0xffffffff",FoMoGame,True,0x937328B032B7d9A972D5EB8CbDC0D3c9B0EB379D,0x7b445efdaf12df560468e57d50afdf566a5002193ddcf548f8251f1e2ef7fa72
0xfc668ae14b0f7702c04b105448fe733d96c558df,13.55535896,2017-06-14 08:50:19+00:00,"0x022914a7,0x0289e966,0x0abb8409,0x1bc41284,0x21aa4548,0x2e1a7d4d,0x320d46d4,0x33580959,0x4420e486,0x46b3f696,0x54fd4d50,0x5eadd607,0x5ed1057d,0x7087ed2c,0x7ed996a3,0x7f949ac0,0x838a48d6,0x84c65296,0x9e133be4,0xac1d0609,0xad37c41b,0xc2209acb,0xc3c5a547,0xc7876940,0xcedb217a,0xe2dea715,0xe2e616bb,0xe390e263,0xe3d86998,0xee385304,0xf2bcd022,0xfc2eb889,0xff5d2c39,0xffffffff",SmartPool,True,0xf214dDE57f32F3F34492Ba3148641693058D4A9e,0x1d230dab57ea6b4d96e9b2e3c7c8893161a888ac09f55b8f4842873b47a142e4
0x5e96db84a4babf5958db3e1cf130d996947b1702,13.465203684,2018-08-15 05:13:25+00:00,"0x2e1a7d4d,0xd0e30db0,0xffffffff",,False,0x2265D75DC1bf9E447d4D87d72aF998d87e609b9d,0xda30cd47e414938f08aaf20642b8f82f9b263bfa761ee413018e0fa41ab085de
0x937478e73bf6547843af57564d7265306af024aa,13.45,2018-06-26 21:58:22+00:00,"0x12d7e533,0x14614af9,0x17f708fb,0x19f363bc,0x1fb75dbf,0x2b55b792,0x2d923501,0x2e1a7d4d,0x5295dfe6,0x54fd4d50,0x7c422f1d,0x853828b6,0x89fb8a48,0x9aae82c1,0xa9cc4718,0xaa0b7db7,0xc0ee0b8a,0xd3c4c4d0,0xdef86cbb,0xe7f4cc8c,0xf91c7ca3,0xfffe58a2,0xffffffff",,False,0x3DcF3f6306A86cBC9c29A5d0A1BaAeC4871baa3C,0x8372cd471f4ea2c47a682ce557af6216ce0d6aff00183f9f731c517349074518
0x6ee4bc4cbc09346e718fad1933f9ca32543ddc93,13.315761,2018-02-27 03:23:58+00:00,"0x04b5802c,0x23e3fbd5,0x2e1a7d4d,0x43d726d6,0x521eb273,0x8c52dc41,0x8da5cb5b,0xc19d93fb,0xe63b297d,0xf2fde38b,0xf340fa01,0xfa89401a,0xffffffff",,False,0x16B06363d97C8c4eed209b5b04c061361663CDBC,0x20622bffe8a31208b3ae8eb3e4239990567c2fa416f4916fad818ca43a741dae
0x2fadd417e12a6bd71052ac095ae76f74433d44ab,13.244004981,2017-07-25 21:22:26+00:00,"0x29b5b30c,0x41c0e1b5,0xe5225381,0xffffffff",,False,0x42dA8a05CB7eD9A43572b5BA1B8F82A0a6E263DC,0xe1b4173614d7197c03f719a7e9287865f80d041588f89e093aa5e6ac0341735f
0xcd20d021314763af9740d810c7ea0ffb0ebda294,13.1615,2018-02-25 00:04:43+00:00,"0x0be479e1,0x14614af9,0x17f708fb,0x19f363bc,0x2b55b792,0x2d923501,0x2e1a7d4d,0x4d5a8e10,0x54fd4d50,0x7c422f1d,0x853828b6,0x89fb8a48,0x9aae82c1,0xa9cc4718,0xc0ee0b8a,0xc2fbe7bc,0xd0e30db0,0xd3c4c4d0,0xdef86cbb,0xf91c7ca3,0xfffe58a2,0xffffffff",,False,0x6f9BB7e454f5B3eb2310343f0E99269dC2BB8A1d,0xb1ed39cdfb5d7ea166fdeb7c7acc83454d12b8f64368e0a32d0c19a89bfef982
0x6421a5de0385e184ecc7200830246957cb3c5b90,13.0569,2017-06-25 14:33:48+00:00,"0x08f5b753,0x09879962,0x0d53b406,0x2986c0e5,0x2e1a7d4d,0x4b58a886,0xba56763e,0xd598d4c9,0xdea011f5,0xf4ad8e37,0xf6eeb89c,0xf851a440,0xfcf6e65a,0xfeff0506,0xffffffff",,False,0x83902876A8e6865Dcf9A80a5647313EeC587Bb62,0x2a17d4dbaf671e19f2171e526570d0305934fad9e3ad6e09da6fc0eff9bcdbc8
0x253c585bad5fcf7b2b15e3947410d14bbbd0f83e,12.9,2018-08-11 16:31:03+00:00,"0x12d7e533,0x14614af9,0x17f708fb,0x19f363bc,0x1fb75dbf,0x2b55b792,0x2d923501,0x2e1a7d4d,0x5295dfe6,0x54fd4d50,0x7c422f1d,0x853828b6,0x89fb8a48,0x9aae82c1,0xa9cc4718,0xaa0b7db7,0xc0ee0b8a,0xd3c4c4d0,0xdef86cbb,0xe7f4cc8c,0xf91c7ca3,0xfffe58a2,0xffffffff",,False,0x3DcF3f6306A86cBC9c29A5d0A1BaAeC4871baa3C,0xb2f9d71b205c6aa481cd8b02923eb8968d7c3f6f4dbd31ee140572282d4520b1
0xd5fd90879865a28d95a281ea4d6c37b71e27b112,12.874772764,2016-09-07 16:18:59+00:00,"0x023f4147,0x1a695230,0x2ccde94b,0x2f54bf6e,0x3ccfd60b,0x5259b637,0x636091ee,0x6737c877,0x73e888fd,0x779edcc5,0x7dc0d1d0,0x8da5cb5b,0x93e1ea41,0xaffed0e0,0xb0fa0db9,0xbaac5300,0xc628d3f8,0xc72aabd5",,False,0xa583C312d57bF240Fcb169E231863f24D8C2FEcc,0x197fac683fa47e758a133e1174b554718b079411d073ec1731c74d9c5d3523e0
0xc5aafe85775fe97bee49d16cc4f38aaf8dbf20c5,12.712852614,2018-10-08 20:33:58+00:00,"0x018a25e8,0x0f15f4c0,0x10f01eba,0x2a63355b,0x3ccfd60b,0x409dba83,0x5f9f10d2,0x624ae5c0,0x63066434,0x6d15cecd,0x747dff42,0x75774100,0x83758db0,0x87bb7ae0,0x93204075,0xa934d152,0xacc01191,0xaeeed0db,0xb8e6c8b5,0xc7e284b8,0xcf808000,0xd53b2679,0xd7426327,0xd8ea81d2,0xde7874f3,0xedca914c,0xee0b5d8b,0xee8f6e68,0xffffffff",IBCLotteryGame,True,0x889B06952D4710CD4Ef2Dc5a410f6008C16A8CC0,0x74f04e17b48c0b9d17760623cc405587fb7722d947ec22337deefc9fac9b7867
0x3457edb7f4790ae5fd59de271b58001c73dfc006,12.667565742,2017-07-25 01:25:48+00:00,"0x41c0e1b5,0xffffffff",,False,0xE0F1503C32A0cA10523084710931A0E41366DB9E,0x6428e84d52222d108d4e6d68238b119670d41f9c10aac3987def0f6d8604ce06
0xb0813fadbb418503fe6b23f410cf27572e74948b,12.500061121,2018-06-19 02:52:17+00:00,"0x12d7e533,0x14614af9,0x17f708fb,0x19f363bc,0x1fb75dbf,0x2b55b792,0x2d923501,0x2e1a7d4d,0x54fd4d50,0x56e28135,0x7c422f1d,0x853828b6,0x89fb8a48,0x9aae82c1,0xa9cc4718,0xc0ee0b8a,0xd0e30db0,0xd3c4c4d0,0xdef86cbb,0xe7f4cc8c,0xf91c7ca3,0xfffe58a2,0xffffffff",,False,0x97AfF5D9b20Bb43da4635e08F58804bc4679B7ee,0xaf82c8d92512cd49171347b913154416b666ff1c16c2bfce537e6868ebcfd86c
0xbf8346c772be2c157e79da790e916313f07283b2,12.5,2018-03-05 16:14:36+00:00,"0x14614af9,0x17f708fb,0x19f363bc,0x2b55b792,0x2d923501,0x2e1a7d4d,0x4d5a8e10,0x54fd4d50,0x7c422f1d,0x853828b6,0x89fb8a48,0x9aae82c1,0xa9cc4718,0xc0ee0b8a,0xd0e30db0,0xd3c4c4d0,0xdef86cbb,0xf91c7ca3,0xfffe58a2,0xffffffff",,False,0xc0ABBf630BC11aA4A48f2CB6735F22104EeAF3e2,0xa48ca7c09abd7c53c82151cc0450625fd706b5b195d2171f8da4efccaeac3bb0
0x90f4f5579dd26737af96619b0f86d85fd496c691,12.499987175,2018-05-01 15:43:51+00:00,"0x14614af9,0x1642045e,0x17f708fb,0x19f363bc,0x2b55b792,0x2d923501,0x2e1a7d4d,0x390a05a8,0x4d5a8e10,0x54fd4d50,0x5bbf97f2,0x7c422f1d,0x853828b6,0x89fb8a48,0x9aae82c1,0xa9cc4718,0xc0ee0b8a,0xd0e30db0,0xd3c4c4d0,0xdef86cbb,0xe7f4cc8c,0xf251fc8c,0xf91c7ca3,0xfffe58a2,0xffffffff",,False,0x679C6b34188eCD53FbA5F8cF5340c3698EdcE7C0,0xee0d9b7735c1494811b7f07fcc1e0b3e50d413f98eea325678a34c134fc44a66
0xf75197c722bc6d04b5aef94ac6b5d9825180b17f,12.410000845,2018-04-30 03:01:25+00:00,"0x14614af9,0x1642045e,0x17f708fb,0x19f363bc,0x2b55b792,0x2d923501,0x2e1a7d4d,0x390a05a8,0x4d5a8e10,0x54fd4d50,0x5bbf97f2,0x7c422f1d,0x853828b6,0x89fb8a48,0x9aae82c1,0xa9cc4718,0xc0ee0b8a,0xd0e30db0,0xd3c4c4d0,0xdef86cbb,0xe7f4cc8c,0xf251fc8c,0xf91c7ca3,0xfffe58a2,0xffffffff",,False,0xeD176ee38D3A130CF7C0F4d3427989E046a04519,0xcefc799611f6c5801dd9124a29de609d2e826fc38a284879352df002eb4d6cd6
0x48d3fffa945b8c2ef35cb0dad39adb07e427be37,12.3692,2018-07-05 14:26:48+00:00,"0x0dc10a60,0x1458ffb3,0x1515bc2b,0x1c75f085,0x22e8571d,0x27b44a6c,0x2c4e722e,0x34fcf437,0x4042b66f,0x4b6753bc,0x4bb278f3,0x4f7e7086,0x521eb273,0x60b99afb,0x6927e45a,0x7f2a4784,0x8d4e4083,0x8da5cb5b,0x9584fbfc,0x96b98862,0x99ce00a9,0x9b39f9bf,0x9c001bcc,0xa5cd806b,0xadad4873,0xb1a2bbd1,0xb7a8807c,0xbf3e394e,0xc516358f,0xc69b5dfb,0xcddce877,0xd541ca5d,0xd578f434,0xdb83d02f,0xdba72a4e,0xdc9ac994,0xec8ac4d8,0xed782750,0xf1e9a514,0xf2fde38b,0xf92a73d7,0xfc0c546a,0xfecab4bf,0xffffffff",VreoTokenSale,True,0xA9d76589A0Adbd32A22E53Da3a7c9e5B474DfE93,0xec2e929de0e33005bdc2ff9043a177a44bbfa92feae8f4eda0d7f39ffe58161b
0x7da47ca0de0797ffedfea9194cac9a8a5d0cd0cc,12.249190661,2018-04-30 13:12:39+00:00,"0x01ffc9a7,0x06fdde03,0x095ea7b3,0x1785f53c,0x17c35e88,0x252498a2,0x26d3df61,0x2a6dd48f,0x37800bde,0x3ccfd60b,0x3f4ba83a,0x53270910,0x5600f04f,0x5ba9e48e,0x5c975abb,0x6103d70b,0x6352211e,0x663ff5a9,0x70480275,0x8456cb59,0x8da5cb5b,0x92efd277,0x95d89b41,0xa283fd00,0xa9059cbb,0xa9831437,0xae81a54b,0xb2e6ceeb,0xb9186d7d,0xb95d2a53,0xc290d691,0xc34588ba,0xe08503ec,0xe2982c21,0xf07c44c2,0xf2fde38b,0xfcc4a54c,0xffffffff",FactbarDeed,True,0xC779E9FCD7f7F0852E1f65aE2408B28F928a22Bd,0x99aebe235b5db74977f5b74d3378e296403b2e30e3ba19ed1d09299b3affdeaa
0x0e7c28fb8ed4f5f63aabd022deaeeba40ecc335c,12.219574297,2019-07-20 04:07:01+00:00,"0x06fdde03,0x10d0ffdd,0x18160ddd,0x22609373,0x313ce567,0x392efb52,0x4b750334,0x6b2f4632,0x70a08231,0x8620410b,0x89135ae9,0x949e8acd,0x95d89b41,0xa6f2ae3a,0xa9059cbb,0xb84c8246,0xc47f0027,0xe4849b32,0xe9fad8ee,0xffffffff",EtherCenter,True,0x4AFa7d2f82600d6C36dA1D10E5d932813b6CB836,0x58eb8a9834466d34916bf1bb7cbca2bdfe5dfb5112be8dfc9e5a56a249d80d50
0x520403af9b53b14a4cdf3c8ae3cb3cd3c883b9b5,12.167000008,2017-08-07 20:23:39+00:00,"0x29b5b30c,0x41c0e1b5,0xe5225381,0xffffffff",,False,0x42dA8a05CB7eD9A43572b5BA1B8F82A0a6E263DC,0xe179f5ea2a16f83b1be4968c5342e8782148593f723acf8fa9801796716e2d8d
0x5b4d6f1f5aa992d8e83ddce2e0c433510111e9f7,12.1445754,2018-05-04 13:53:10+00:00,"0x0db3cc05,0x29dcb0cf,0x2ff57da8,0x367bf29a,0x38af3eed,0x3931efcf,0x46cc599e,0x48c54b9d,0x4a674799,0x518ab2a8,0x5f79e41b,0x70a08231,0x7b3e5e7b,0x8da5cb5b,0x906a26e0,0x9d76ea58,0xbbcd5bbe,0xccb07cef,0xd424f628,0xe8b5e51f,0xfb86a404,0xfd6b7ef8,0xffffffff",,False,0x59B8Ab16BF1559cc736D13b387DdeDfd1243acf9,0x75f33149ec1ccc7731f27ccf8beb2b465b6decc7f540819abc5e8a847425957a
0x12b0621d90c69867957a836d677c64c46ec4291d,12.00009785,2016-06-27 14:19:01+00:00,"0x2e1a7d4d,0x642f2eaf,0x70ba3339,0x79716e43,0x7983eb31,0x87269729,0x8988b7ff,0x93a595f5,0xc074a27e,0xc3b49d04,0xc69ed5f2,0xd00be319,0xda018bda,0xe79d0860,0xefe9b08d,0xf3a504f2,0xf668660b,0xfb932108",,False,0xd69104404a21cF359985C21988B959ace3880c83,0x50a61a4c65eb1ea9f760d888b00070926f5f6484944e7f729d0168a9e051bf93
0xffd31e68bf7af89df862435a138615bd60abf574,11.994996606,2019-06-20 10:11:53+00:00,"0x06fdde03,0x0b7e9c44,0x10d0ffdd,0x18160ddd,0x22609373,0x27defa1f,0x313ce567,0x392efb52,0x3ccfd60b,0x42b20187,0x4b750334,0x4ed82760,0x56d399e8,0x5ed9ebfc,0x688abbf7,0x6b2f4632,0x70a08231,0x8328b610,0x8620410b,0x89135ae9,0x949e8acd,0x95d89b41,0xa8e04f34,0xa9059cbb,0xb84c8246,0xc47f0027,0xcb4f6758,0xd4268d15,0xe4849b32,0xe9fad8ee,0xeba9f92d,0xf088d547,0xfdb5a03e,0xffffffff",Nexgen,True,0x7A242a0C063BaeeD8a71d88918161eA01E3d6dc2,0xbbfdd7137e8b2cd3e496af84cec1042daddd2b00412d073251004c27a20afc6a
0xe69ba47f38ee8ab38696014c19b547a4aa955480,11.992546108,2018-08-28 13:52:33+00:00,"0x015008b1,0x018a25e8,0x06fdde03,0x0f15f4c0,0x10f01eba,0x11a09ae7,0x200373c9,0x24c33d33,0x2660316e,0x2e19ebdc,0x3ccfd60b,0x3ddd4698,0x438d359e,0x49cc635d,0x58d162da,0x624ae5c0,0x63066434,0x685ffd83,0x747dff42,0x8f7140ea,0x8f8a5832,0x921dec21,0x95d89b41,0xa2bccae9,0xaeeed0db,0xaf1137f7,0xc7e284b8,0xcd133c8f,0xce89c80c,0xcf808000,0xd53b2679,0xd87574e0,0xde7874f3,0xed78cf4a,0xee0b5d8b,0xfb9073eb,0xffffffff",FoMo3Dlong,True,0x0787C7510b21305eEA4c267FaFD46Ab85bDEc67E,0xefc41a88fa9311357ee144a714a68e69706446df51fcaf1893659a310d96da4f
0x86cd40f527bb402643f4b1ad13dcbff2b03c1c6e,11.787778533,2018-08-16 10:51:12+00:00,"0x018a25e8,0x06fdde03,0x079ce327,0x0a262f48,0x0f15f4c0,0x10f01eba,0x11a09ae7,0x15a50aff,0x15cab9c0,0x1c7f98ca,0x24c33d33,0x2660316e,0x2ce21999,0x2e19ebdc,0x30106b17,0x32df3068,0x349cdcac,0x3ccfd60b,0x41de1127,0x49cc635d,0x4b227176,0x5893d481,0x5befbb9b,0x624ae5c0,0x63066434,0x685ffd83,0x747dff42,0x82bfc739,0x8f7140ea,0x95d89b41,0x98a0871d,0xa2bccae9,0xa65b37a1,0xc519500e,0xc7e284b8,0xce89c80c,0xcf808000,0xd53b2679,0xd87574e0,0xde7874f3,0xed78cf4a,0xee0b5d8b,0xffffffff",SuperCard,True,0xcB5695144776bD752a600d9B91416CB89e1CF8C1,0x517b947fd43935b0a2fdeb1699e2636cbde4945d1dc1f55e65fda954fb48bd71
0x8c14692589190d08e917e38bbee3ac10eaf0acb4,11.727460005,2018-10-07 20:50:45+00:00,"0x06fdde03,0x10d0ffdd,0x18160ddd,0x22609373,0x23b3b704,0x313ce567,0x3ccfd60b,0x3e0a322d,0x4b750334,0x544736e6,0x56d399e8,0x585bc281,0x6284ae41,0x688abbf7,0x6b2f4632,0x70a08231,0x78e97925,0x8620410b,0x91e33107,0x949e8acd,0x95d89b41,0xa9059cbb,0xcaa877e7,0xd6dda33d,0xda7af32d,0xe4849b32,0xe9fad8ee,0xf088d547,0xfdb5a03e,0xff295c5d,0xffffffff",apexONE,True,0xB58C32cC59c325F5d0550aA6D22877d507B1109a,0x71b4193d31e6494c6dcf97fa33684ab86ce3c45200ff135b5cd8d27e965ece4b
0x3cccd406279a96752ce6ab446b35f9183d1bff38,11.691054786,2018-04-14 08:52:50+00:00,"0x14614af9,0x17f708fb,0x19f363bc,0x2b55b792,0x2d923501,0x2e1a7d4d,0x4d5a8e10,0x54fd4d50,0x7c422f1d,0x853828b6,0x89fb8a48,0x9aae82c1,0xa9cc4718,0xc0ee0b8a,0xd0e30db0,0xd3c4c4d0,0xdef86cbb,0xf91c7ca3,0xfffe58a2,0xffffffff",,False,0xc0ABBf630BC11aA4A48f2CB6735F22104EeAF3e2,0xaa919f64918d5ac725e3bdd7cbe72b6efd996dd410b25368bb899936908d51ff
0xe18c6b3e94befbe875bc69560961e84216696c54,11.4702,2018-05-19 07:02:38+00:00,"0x14614af9,0x1642045e,0x17f708fb,0x19f363bc,0x2b55b792,0x2d923501,0x2e1a7d4d,0x390a05a8,0x4d5a8e10,0x54fd4d50,0x5bbf97f2,0x7c422f1d,0x853828b6,0x89fb8a48,0x9aae82c1,0xa9cc4718,0xc0ee0b8a,0xd0e30db0,0xd3c4c4d0,0xdef86cbb,0xe7f4cc8c,0xf251fc8c,0xf91c7ca3,0xfffe58a2,0xffffffff",,False,0x709e6942CF5203123F2640B3d15de98e42b45605,0xd91395eddf89d80367abe26be76a5ccee2ebdb18e538cf3cb628b1ae96fa023c
0x068696a3cf3c4676b65f1c9975dd094260109d02,11.214587716,2017-10-05 15:56:52+00:00,"0x06fdde03,0x07156854,0x095bcdb6,0x18160ddd,0x2767dd7d,0x27e235e3,0x313ce567,0x36b2e0f9,0x3ccfd60b,0x3ed731bc,0x54f5675c,0x57611ba3,0x5dc774d7,0x64322c9c,0x70a08231,0x74cd0c40,0x7b316db2,0x854642e1,0x95d89b41,0xa2550108,0xa7086536,0xa724e54c,0xe93e40db,0xf3f43703,0xf8ec4cd5,0xffffffff",DadaCollectible,True,0x60775dCC868EcE33B6AC45A1Dd5D448aea3B7a71,0x94c903d2f89a0546d8eac8a53c59217518c8a552cc2496737779a3cd94209a93
0xe3dcd7e0e9cdd6caa6648478b54317fad6075d9b,11.15,2018-05-03 22:43:26+00:00,"0x14614af9,0x1642045e,0x17f708fb,0x19f363bc,0x2b55b792,0x2d923501,0x2e1a7d4d,0x390a05a8,0x4d5a8e10,0x54fd4d50,0x5bbf97f2,0x7c422f1d,0x853828b6,0x89fb8a48,0x9aae82c1,0xa9cc4718,0xc0ee0b8a,0xd0e30db0,0xd3c4c4d0,0xdef86cbb,0xe7f4cc8c,0xf251fc8c,0xf91c7ca3,0xfffe58a2,0xffffffff",,False,0x679C6b34188eCD53FbA5F8cF5340c3698EdcE7C0,0xf33a7faa5e31813fcc923e5c371bf2d36198e157e3c51220562c3e2745b81727
0xc0c2d062306fe840e11f7fcf394df831a09ef20c,11.017315597,2018-08-23 12:46:18+00:00,"0x018a25e8,0x06fdde03,0x073b823e,0x079ce327,0x0f15f4c0,0x10f01eba,0x2341a1af,0x24c33d33,0x2660316e,0x2c9d3c6b,0x2ce21999,0x2e19ebdc,0x3ccfd60b,0x5893d481,0x624ae5c0,0x63066434,0x747dff42,0x8b5a64fb,0x8f7140ea,0x95d89b41,0x97ac4a25,0x9ffdb65a,0xa2bccae9,0xa4952f80,0xa65b37a1,0xb483c054,0xc519500e,0xc7e284b8,0xce89c80c,0xcf808000,0xd53b2679,0xde7874f3,0xed78cf4a,0xee0b5d8b,0xfd6b2d94,0xffffffff",OkamiPKlong,True,0x00F8Fc5b9FCDff79C8571AA9bCaFb750bF235bD3,0x3999bd8321ffb010f6281a57171337cf8feb0b54efe8c3ee0bc6dbb594eba959
0xad2406ae4eadca4176c8d72a5bc6c70351b741a2,11.0,2018-08-26 21:30:18+00:00,"0x080741ff,0x12d7e533,0x14614af9,0x19f363bc,0x1fb75dbf,0x2b55b792,0x2d923501,0x2e1a7d4d,0x5295dfe6,0x54fd4d50,0x853828b6,0x89fb8a48,0x9aae82c1,0xa9cc4718,0xaa0b7db7,0xc0ee0b8a,0xd3c4c4d0,0xdef86cbb,0xf91c7ca3,0xfffe58a2,0xffffffff",,False,0x8aD364B5754B0b691A8CEe22f4df91ee16eE1c28,0xef584c6c11397bc2422e3c144a9feaed9ea1926e732d72b664a5ff06f9b4130a
0x76a19d017768bd2116cbac3ab33af0afe81d18c9,11.0,2018-01-25 03:56:27+00:00,"0x0be479e1,0x14614af9,0x17f708fb,0x19f363bc,0x2b55b792,0x2d923501,0x2e1a7d4d,0x4d5a8e10,0x54fd4d50,0x7ae20c59,0x7c422f1d,0x853828b6,0x89fb8a48,0x9aae82c1,0xa9cc4718,0xc0ee0b8a,0xc2fbe7bc,0xd0e30db0,0xd3c4c4d0,0xdef86cbb,0xf91c7ca3,0xfffe58a2,0xffffffff",,False,0x3168d64F5ce404B64019Cc83bEe14Bf0c8Bb6728,0xb0f25be49a76c64a8103fab9a1057814427f2e45c3e4c6f23a92e0e1e16e55cb
0xc0950ee7568e1ab93c6784ddcaa9b590239eeec9,11.0,2018-02-11 09:34:52+00:00,"0x02fb0c5e,0x06fdde03,0x095ea7b3,0x15093e03,0x18160ddd,0x23b872dd,0x313ce567,0x3ccfd60b,0x4bb278f3,0x521eb273,0x5bcf6674,0x66188463,0x6f7920fd,0x70a08231,0x84e3ac94,0x8da5cb5b,0x95d89b41,0xa9059cbb,0xb597e784,0xd110f0e6,0xd73dd623,0xdd62ed3e,0xf0dda65c,0xffffffff",PrimeToken,True,0x9D79213171D287f23837091Db4b00F769aBA3FeB,0x52ffa65fb41520d773a804eda88686893c63820c5b7fec412a22d5be45505d34
0x3c963c17e9168df1680af1a1fdab473192bf026f,10.964992942,2018-11-24 15:31:08+00:00,"0x0c7caded,0x321f0013,0x3ccfd60b,0x6ab108f9,0xffffffff",,False,0xbb4E03e34Cf2a7235b6137bc75D41f2122F3F8D0,0xc8b0f56b4400f3f923f14db92a8286daf141d094a8e61919a5e94d619fdef54d
0xcd2de0bd5347f617f832442ebcc1c23a4d618847,10.897892848,2019-10-05 07:32:22+00:00,"0x06fdde03,0x10d0ffdd,0x18160ddd,0x22609373,0x27defa1f,0x313ce567,0x3ccfd60b,0x4b750334,0x56d399e8,0x688abbf7,0x6b2f4632,0x70a08231,0x76be1585,0x8328b610,0x8620410b,0x87c95058,0x949e8acd,0x95d89b41,0xa8e04f34,0xa9059cbb,0xb84c8246,0xc47f0027,0xe4849b32,0xe9fad8ee,0xf088d547,0xfdb5a03e,0xffffffff",RedChipMain,True,0xBE1b67B8bE1a9836195552495b0a5E14f00A66cf,0x364678f561cdc4e1c567f8b4c0fefaf97f16574b384724d6d0b1c8a638382e75
0x0ae93d83c2e6ff3e6af4537c7b6f7ff394144793,10.868115629,2017-08-18 07:39:19+00:00,"0x29b5b30c,0x41c0e1b5,0xe5225381,0xffffffff",,False,0x42dA8a05CB7eD9A43572b5BA1B8F82A0a6E263DC,0x6b408813cf087a013aec9a3a1cf517aee5474cc3059891833b72e1666f38ceb5
0xbfc08ac08fb775af82b74e053fc16f0a710841d6,10.8,2018-05-29 15:57:25+00:00,"0x04f248f4,0x08caa910,0x1b55b2a8,0x20bc4425,0x21eff7fc,0x268f1153,0x2e1a7d4d,0x340188a2,0x378aa701,0x3eddd428,0x4bd27cfc,0x52c790ee,0x5318cd5f,0x59770438,0x68228663,0x80c48c0b,0x92e176ef,0x9923eead,0x99966b1f,0xa23fb7a3,0xa9e7c2e5,0xb655d0c4,0xd16aad61,0xd830a52c,0xeaf848dd,0xf24bbb63,0xf84038b1,0xf856f373,0xf8a4b734,0xffffffff",,False,0xBb6B2976E3BA66B37049Bc411982b3598F44fBd0,0x137367a6ff235eb4447e88a4f5f64cc4c41b4a83744ba2f37b6153463b0ed922
0x18777aec0b231d1a4a9c66b51253088a03affdfc,10.76763783,2018-04-21 06:03:00+00:00,"0x045b9c72,0x04f0aa4e,0x085ca94e,0x14be7793,0x18160ddd,0x1fe6189e,0x2042e5c2,0x23e3fbd5,0x2b9edee9,0x36a26b99,0x43a77530,0x47ee0394,0x4e6630b0,0x504c9582,0x518ab2a8,0x590e1ae3,0x5bf5d54c,0x5df6461d,0x649f0153,0x664e9704,0x6de685f6,0x6f0f45d2,0x8558c290,0x8da5cb5b,0x906a26e0,0x9762f802,0x9abec159,0x9b19251a,0x9d735286,0xa58561ec,0xae035846,0xb58f4a24,0xca63f057,0xd191d7f4,0xd55b9f4d,0xecb70fb7,0xf8e6a8cf,0xfb86a404,0xfc0c546a,0xfc7e286d,0xffffffff",LuckchemyCrowdsale,True,0xFbd90b4e49DE7FA6a2A599B260060a113a6ef62c,0x5320f81172c47287366fcc00aace55faf5e321c69774672a2b6bda2b4c40060f
0x734c6011bd93bb91fba4896bf669def57a97f063,10.764104453,2018-02-06 03:56:07+00:00,"0x0be479e1,0x14614af9,0x17f708fb,0x19f363bc,0x2b55b792,0x2d923501,0x2e1a7d4d,0x4d5a8e10,0x54fd4d50,0x7ae20c59,0x7c422f1d,0x853828b6,0x89fb8a48,0x9aae82c1,0xa9cc4718,0xc0ee0b8a,0xc2fbe7bc,0xd0e30db0,0xd3c4c4d0,0xdef86cbb,0xf91c7ca3,0xfffe58a2,0xffffffff",,False,0x3375681909B497FBb1A09d591fb003979ce7B8e5,0xe99b6509d60b4cc2903514eaf556e77e6c9b0604ba16811a6315a398f1170584
0x1266023ebcb1c4cb8713614d805bb0fbae4bd8ef,10.667005402,2018-01-28 00:33:09+00:00,"0x0be479e1,0x14614af9,0x17f708fb,0x19f363bc,0x2b55b792,0x2d923501,0x2e1a7d4d,0x4d5a8e10,0x54fd4d50,0x7ae20c59,0x7c422f1d,0x853828b6,0x89fb8a48,0x9aae82c1,0xa9cc4718,0xc0ee0b8a,0xc2fbe7bc,0xd0e30db0,0xd3c4c4d0,0xdef86cbb,0xf91c7ca3,0xfffe58a2,0xffffffff",,False,0x00EE947C675b6b8c5EEba9FE12C2F37f75Cd3B4F,0x6eb898afd2f486615e37c60d076ac3dc4386ab3b093fcfd5c414e6803b067c8d
0xab9636e8e90899c382f4659cac09aea2a0794c17,10.635990479,2018-10-22 02:10:34+00:00,"0x02b79e7a,0x07cdee49,0x0f1130dc,0x0ff0b7eb,0x131a7e24,0x13af4035,0x1685dc29,0x1ed20347,0x29b48e0e,0x2ba73c15,0x2e4f43bf,0x31dba1aa,0x3acc5cfe,0x3d47936e,0x4324aa21,0x4e0a3379,0x5005ed82,0x52dfa838,0x5a81bf9a,0x5ab971eb,0x5ba9e48e,0x62d65239,0x6352211e,0x68be4724,0x69ca3cb2,0x6c305beb,0x6f879c1d,0x70ded46c,0x74fe029c,0x75a4707a,0x7a0c2142,0x82c4dfa4,0x842296d4,0x84f5f18c,0x853828b6,0x8699b385,0x8da5cb5b,0x8fe07a3b,0x9d763ad5,0xa07b57a3,0xa29b9daf,0xa379ef0d,0xac27a0bf,0xaf7520b9,0xb1237eae,0xb9186d7d,0xb9ab27be,0xbb67e18b,0xbe1ccad1,0xbee8f5db,0xcc1f97cf,0xd1bb4211,0xd3765bbc,0xd3a3f07b,0xd96a094a,0xe7a19abf,0xe8010ea3,0xe87b6f52,0xeaf011b9,0xef01df4f,0xef499651,0xf81d0fce,0xfa0a8f26,0xffffffff",,False,0x41C86AdA734423a61aE6b8A25bE80340b5d1149e,0x8e3fd9074686a252e2da9aab69407cace2aebd445491259dce1db8da97133b55
0xa8d78620f0ed304f1190421aa2d64c66d7b656b0,10.557120485,2018-05-23 11:03:03+00:00,"0x019d16f9,0x035c7cd5,0x03da3582,0x07feb8f4,0x088c6ce3,0x10fb5ba6,0x1322e307,0x170111c2,0x17ffc320,0x1862fbae,0x1b26b367,0x1b5ae6e1,0x22052d07,0x242a9888,0x24e2f5c2,0x2977f106,0x2be691dc,0x378aa701,0x37952661,0x37c161a0,0x3b11f49a,0x3bc5de30,0x3ccfd60b,0x43243797,0x44530f3a,0x4a160a3f,0x4a79c25c,0x4fa6a737,0x56397c35,0x56582bf9,0x5671e4d2,0x571652db,0x6911e51e,0x6b92cdc5,0x6d916788,0x6eef0ff6,0x6f0b0c1c,0x757d0fba,0x79fd7754,0x7cc300c9,0x7df1f1b9,0x83aa9975,0x88798935,0x8958822b,0x8b396580,0x8e19e1ee,0x8fdf6eba,0x929eea21,0x92d09ceb,0x9b94f0ae,0x9cf4d409,0x9d08adf7,0x9f727c27,0xa717ef34,0xa846c2fd,0xa8f81b65,0xae0229b3,0xaf32e2d5,0xbd8d8736,0xc276f44d,0xc4c2b5ea,0xca1d209d,0xcbde3d74,0xceae2688,0xd448f4ac,0xd8270dce,0xe0e60ef0,0xe273fa87,0xe6013b72,0xe7dde10d,0xe824600f,0xe8db0562,0xe8e28f1c,0xea8a1af0,0xf0149a0e,0xf65bad06,0xf90ca117,0xfe2f796b,0xffffffff",,False,0x9423317A48B4b0Af453B1F206e96E65AbfAD3E26,0x5c61d19b04de680d4537f829964dd2cff2fe3274d5bc840024c723e74dfc4f6f
0x0f80506e9ccda50b142916342f062d4de9cd7cbd,10.53881577,2017-08-07 19:49:02+00:00,"0x29b5b30c,0x41c0e1b5,0xe5225381,0xffffffff",,False,0x42dA8a05CB7eD9A43572b5BA1B8F82A0a6E263DC,0x08bb1c302eaf11e3887b016f92f860b7fc31768cc39c0724ced4a57a820e378c
0x51bb43a1cdef43f24c44ccc368a4ac228aec0c11,10.52087418,2017-08-07 20:31:02+00:00,"0x29b5b30c,0x41c0e1b5,0xe5225381,0xffffffff",,False,0x42dA8a05CB7eD9A43572b5BA1B8F82A0a6E263DC,0xbb04d3be06ece053d1e9f17cd8beba5d8d6e39339f97d858a048027610e0c236
0x4402a121fbf29ca41ee7a8884082b8e7054c9bce,10.508751723,2018-05-11 14:00:03+00:00,"0x14614af9,0x1642045e,0x17f708fb,0x19f363bc,0x2b55b792,0x2d923501,0x2e1a7d4d,0x390a05a8,0x4d5a8e10,0x54fd4d50,0x5bbf97f2,0x7c422f1d,0x853828b6,0x89fb8a48,0x9aae82c1,0xa9cc4718,0xc0ee0b8a,0xd0e30db0,0xd3c4c4d0,0xdef86cbb,0xe7f4cc8c,0xf251fc8c,0xf91c7ca3,0xfffe58a2,0xffffffff",,False,0x709e6942CF5203123F2640B3d15de98e42b45605,0xa14e3f0a2a99632d87f0ca7ea41db652177f403dc02ac76f80e40d05d888ea1c
0xbe96a69b2836201d9cbad2c485681dc7a4cc39b9,10.481897049,2018-09-25 20:45:41+00:00,"0x06fdde03,0x1ae4dfb7,0x1b7e0902,0x287ad8fa,0x313ce567,0x3ccfd60b,0x4b419b5f,0x4c738909,0x53ba3d43,0x5bdff855,0x6b2f4632,0x763f337e,0x7deb6025,0x7fcf440a,0x95d89b41,0x9ba65fff,0x9d902fc0,0xa053ce1f,0xa9059cbb,0xae882412,0xaf392206,0xb84c8246,0xb987f688,0xbaf3a4d4,0xc47f0027,0xd5c96b36,0xe994c15d,0xfd01d4a1,0xffffffff",DailyRoiCardGame,True,0x091cC8008d52B2e81cE2350F52254c77032366bD,0xe9b7047aff440e9f97bd94ac43ccd450d3269cb4c101a569cf51d4526d6f68fe
0x6c88981227e4c2ad63886cf8eac9144729b4c2f4,10.444461855,2017-08-18 08:23:49+00:00,"0x29b5b30c,0x41c0e1b5,0xe5225381,0xffffffff",,False,0x42dA8a05CB7eD9A43572b5BA1B8F82A0a6E263DC,0x4a02c0a0da89968d3a0c77e8e0cbb130ebcec0b4a46cb93388924ee221a1a49f
0x05f6ae6503041eb558364b3ea336de8dd794a852,10.430953253,2018-07-28 13:19:28+00:00,"0x14614af9,0x17f708fb,0x19f363bc,0x2618e6e9,0x2b55b792,0x2bc2b71a,0x2d923501,0x2e1a7d4d,0x4d5a8e10,0x52c790ee,0x6cae9070,0x71bdce55,0x7c422f1d,0x853828b6,0x9aae82c1,0xa9cc4718,0xd0e30db0,0xd3c4c4d0,0xdef86cbb,0xe4a0ce2f,0xfffe58a2,0xffffffff",,False,0x7B260473BFB76cc6a1FFAb6bDa4D3239D9218459,0xce0c84a26407a6ff3e3cd492579f09179dd2f975bfe96dbd5bcabe4266b7da2e
0xcc4fc5021b571a03844de6f598d147993ff1b3e3,10.28406101,2017-08-07 21:19:31+00:00,"0x29b5b30c,0x41c0e1b5,0xe5225381,0xffffffff",,False,0x42dA8a05CB7eD9A43572b5BA1B8F82A0a6E263DC,0x4a1ac9448da3db0f875b2ad4e687f272c966831542ed5e9b9605d4a8d0f3119b
0x2faa316fc4624ec39adc2ef7b5301124cfb68777,10.213,2015-12-07 15:19:35+00:00,"0x03bda14e,0x0bbaa27a,0x0c1fad51,0x0c657eb0,0x0fa9ced4,0x10ec5d2c,0x13af4035,0x176b63f4,0x1e0018d6,0x203967a5,0x21520c5f,0x2e1a7d4d,0x4263ed83,0x44dd4b3b,0x607eaf70,0x61886014,0x62770252,0x63e16fff,0x6615dd83,0x66d16cc3,0x67acd805,0x784813e0,0x827ef325,0x83e78b31,0x89ef40e7,0x8a2418ab,0x8d0eda03,0x8da5cb5b,0x918359c6,0x97950740,0x97a33431,0xb52b925d,0xb66578dc,0xbb9c3f2b,0xbc87b70f,0xbefa1e2f,0xbfc7952f,0xc3f3b854,0xd0e30db0,0xd5a4a3c6,0xd6be6bd5,0xd7206124,0xd8389dc5,0xe0457884,0xe5e123f1,0xe6febc9b,0xe87508be,0xe94a4db1,0xfe6a0cd6",,False,0xc3e44527b935d02D805D8d21DD07eA9d2cD5FC22,0x8a1bc9967125d8320fe38babc51353a4690638d9e3c9fe7ccd6a8923714e24b4
0x3aa6d8a9039f10e94116149ee6a4d0759ac81b36,10.147260203,2017-08-07 19:28:10+00:00,"0x29b5b30c,0x41c0e1b5,0xe5225381,0xffffffff",,False,0x42dA8a05CB7eD9A43572b5BA1B8F82A0a6E263DC,0x7ae186b64e092d17d749b35728f876c51708c63cab939da1878eb37dd4df6fe3
0x32c904f48ed80b6bfdbafb86fa0dba3a9cf5ee56,10.063458594,2018-05-23 12:45:02+00:00,"0x14614af9,0x17f708fb,0x19f363bc,0x2618e6e9,0x2b55b792,0x2bc2b71a,0x2d923501,0x2e1a7d4d,0x4d5a8e10,0x52c790ee,0x6cae9070,0x71bdce55,0x7c422f1d,0x853828b6,0x9aae82c1,0xa9cc4718,0xd0e30db0,0xd3c4c4d0,0xdef86cbb,0xe4a0ce2f,0xfffe58a2,0xffffffff",,False,0x7B260473BFB76cc6a1FFAb6bDa4D3239D9218459,0xf55b469e05bbc61c5fccc6fed309792f01633dc96bfdc48fcc24f9303efdfb99
0x4e7327c05c312d2a37ee6d3e377329cef617b19e,10.051282,2017-04-18 10:47:36+00:00,"0x144fa6d7,0x3290ce29,0x41c0e1b5,0x627749e6,0x7362377b,0x78e97925,0x8da5cb5b,0xa035b1fe,0xf2fde38b,0xfc0c546a,0xffffffff",,False,0x44CAb6F6DC7045FD4AcD1d0f3d09Fc7a83004bd3,0x1f6e0358d35f951116a61cf5e188e14ca769e57d3eb6827039d6c4cae7407f4c
0xc1950f7049f576ef6966dcad20d7d3bd82c49326,10.022066072,2017-05-02 02:51:55+00:00,"0x29b5b30c,0x41c0e1b5,0xe5225381",,False,0x42dA8a05CB7eD9A43572b5BA1B8F82A0a6E263DC,0x4f4cf397448484d29fe855dec1688fa44dc9a7a84025de463ed1ce1dc2617cca
0xd949ecd0f8980863150e681447f8c8167d90cf4e,10.0,2017-08-19 18:25:30+00:00,"0x29b5b30c,0x41c0e1b5,0xe5225381,0xffffffff",,False,0x42dA8a05CB7eD9A43572b5BA1B8F82A0a6E263DC,0x149d63ca4a814ae9748ab9cbd034c4da742017dc0628f78be5428a5c78d9569b
0x63d62340aeaadb85abd1abbd7bf1f2cfb0e34d4d,10.0,2017-07-18 17:25:35+00:00,"0x29b5b30c,0x41c0e1b5,0xe5225381,0xffffffff",,False,0x42dA8a05CB7eD9A43572b5BA1B8F82A0a6E263DC,0x944a34fb435629573dc291eab3f9942cefeeb605eea69376b55d28477686bba2
0x3e52fc0781c072e4cd67992a5edddd530b07338d,10.0,2017-08-07 19:20:06+00:00,"0x29b5b30c,0x41c0e1b5,0xe5225381,0xffffffff",,False,0x42dA8a05CB7eD9A43572b5BA1B8F82A0a6E263DC,0x8a400be0c2d91e994beec406a06ad846cfc8a6c1bf5c97b05e94081f53733e89
0xdbfd5808090222aae744204ac084278bf79e0f48,10.0,2017-08-08 00:20:58+00:00,"0x29b5b30c,0x41c0e1b5,0xe5225381,0xffffffff",,False,0x42dA8a05CB7eD9A43572b5BA1B8F82A0a6E263DC,0xbe55b298f840330bcab56352f146f833491659a368b11502f5973cc891f81c1e
0xf91424e04e4585c2794f7305fb326070cea8b702,10.0,2017-08-18 08:22:07+00:00,"0x29b5b30c,0x41c0e1b5,0xe5225381,0xffffffff",,False,0x42dA8a05CB7eD9A43572b5BA1B8F82A0a6E263DC,0x654000dc2ba0ae90fecd86dd4b1059dc8e22adae65e2ae8404124420ddebd7bd
0x175b7be1e090b7b5e7d9ef9384c94742035e7d9c,10.0,2017-08-07 21:18:48+00:00,"0x29b5b30c,0x41c0e1b5,0xe5225381,0xffffffff",,False,0x42dA8a05CB7eD9A43572b5BA1B8F82A0a6E263DC,0x910dca0d1cd3902cd2392afe0a1facd47120f1344a0309bf1c123529d586d83e
0xa374061b235b59f029a495f5905fce98bec41f9e,10.0,2017-08-18 08:00:48+00:00,"0x29b5b30c,0x41c0e1b5,0xe5225381,0xffffffff",,False,0x42dA8a05CB7eD9A43572b5BA1B8F82A0a6E263DC,0x2e7e9454419b4f20e3a07aa2613738f36344222284f0a2c2b62768fc69c8d8cd
0xd0917acf1977b658f3e82d05377be8c04fa1d4d8,10.0,2017-08-18 07:52:41+00:00,"0x29b5b30c,0x41c0e1b5,0xe5225381,0xffffffff",,False,0x42dA8a05CB7eD9A43572b5BA1B8F82A0a6E263DC,0x5142ddc5f5d5b73823f491ba7ebe9cc3d7fe03104bd766b9390270a4a4f7aa8d
0x3bacf1a4e2942188ebe54745705462899f8af13b,10.0,2017-08-07 20:13:13+00:00,"0x29b5b30c,0x41c0e1b5,0xe5225381,0xffffffff",,False,0x42dA8a05CB7eD9A43572b5BA1B8F82A0a6E263DC,0xe4b3854db1f36ea8fa9ba4f199b5d13094f1e9f2301a1131b56e3120cfe6ec37
0xa215d2650d4e1e787ee1fbea0ed14875846ad610,10.0,2017-08-18 07:56:33+00:00,"0x29b5b30c,0x41c0e1b5,0xe5225381,0xffffffff",,False,0x42dA8a05CB7eD9A43572b5BA1B8F82A0a6E263DC,0xa3b6d3e53ba575d72baa4bf71b699bcafcb8a629a0a38ed51b2a18802a7504bd
0x2fec6d47f1320ffab0f1c9e1e2e729447cdda203,10.0,2017-08-07 23:52:30+00:00,"0x29b5b30c,0x41c0e1b5,0xe5225381,0xffffffff",,False,0x42dA8a05CB7eD9A43572b5BA1B8F82A0a6E263DC,0xcf80a65d03484b6e221621f389c64c68d9d24f9ae9971df5c72bdc85c7ce2e7b
0xaacf7413a9a94d6539640ededaca8d0346d7a59e,10.0,2017-07-25 21:41:52+00:00,"0x29b5b30c,0x41c0e1b5,0xe5225381,0xffffffff",,False,0x42dA8a05CB7eD9A43572b5BA1B8F82A0a6E263DC,0xc692b945a99aa98532d9210528f531c6e4b97035b3cac34ab831cf4e46aa713a
0x8ac27e2cb246830a4ff6f335cd2c0a7ec98dc09f,10.0,2017-08-07 19:18:37+00:00,"0x29b5b30c,0x41c0e1b5,0xe5225381,0xffffffff",,False,0x42dA8a05CB7eD9A43572b5BA1B8F82A0a6E263DC,0x3a36fd015a05687297200ace348f9352eb0e386d7b90570032f398b4a29f86b0
0x6bce63f8286ff3918af758c013047ab88ef23a2a,10.0,2017-07-25 21:46:08+00:00,"0x29b5b30c,0x41c0e1b5,0xe5225381,0xffffffff",,False,0x42dA8a05CB7eD9A43572b5BA1B8F82A0a6E263DC,0x69f5888524931fc776ca351894f47b2ef0a22e0e3b0da0d3a41853dda851b341
0x042282be20a25ea1d47e16d5b9d1c13607578690,10.0,2017-08-18 08:50:33+00:00,"0x29b5b30c,0x41c0e1b5,0xe5225381,0xffffffff",,False,0x42dA8a05CB7eD9A43572b5BA1B8F82A0a6E263DC,0x25ca8a1196a00cadce5f33466d09018c89fc8ef930427f32e6f4feceab90d5b5
0x35142b6ec3677155f5f53f541680def1748f4fba,9.999,2017-08-07 19:13:22+00:00,"0x29b5b30c,0x41c0e1b5,0xe5225381,0xffffffff",,False,0x42dA8a05CB7eD9A43572b5BA1B8F82A0a6E263DC,0x388918d0f02ceabd8249c80a4f48c2e84c320b18af88c474561bf35b1ea3c918
0x5d497107f12683f2781b4edd7638435c21e51c10,9.9977,2017-08-07 20:15:31+00:00,"0x29b5b30c,0x41c0e1b5,0xe5225381,0xffffffff",,False,0x42dA8a05CB7eD9A43572b5BA1B8F82A0a6E263DC,0x9c1c9724cec6dff4055804e031382a847f364a75866f3ec4dba1e728b1111155
0xc3496a400ba9743aff58e4acc5761cd47021daa7,9.9902,2017-08-08 00:38:01+00:00,"0x29b5b30c,0x41c0e1b5,0xe5225381,0xffffffff",,False,0x42dA8a05CB7eD9A43572b5BA1B8F82A0a6E263DC,0xd724ef2f2d61942e1c2ef647af7cb2cba75866536caeaefd29a10d76da431efe
0xc6c66fe1ec451611c021316a45be9d4967700104,9.99,2017-08-18 08:30:40+00:00,"0x29b5b30c,0x41c0e1b5,0xe5225381,0xffffffff",,False,0x42dA8a05CB7eD9A43572b5BA1B8F82A0a6E263DC,0x1f042fbce52499989abf32b943ac1a4743bb031dd211e5eb092be4a6fb302b55
0x1e528a025831b3a58d412de5ac9d0def89022b6b,9.99,2017-08-18 08:14:13+00:00,"0x29b5b30c,0x41c0e1b5,0xe5225381,0xffffffff",,False,0x42dA8a05CB7eD9A43572b5BA1B8F82A0a6E263DC,0x85990f3c8e54161e02795b0619613ac4f1154378f19eabf17e3a87a3449ed3ac
0xcf9975741e81f96cfd924dfdf79eef157bc023f9,9.99,2017-08-07 22:49:16+00:00,"0x29b5b30c,0x41c0e1b5,0xe5225381,0xffffffff",,False,0x42dA8a05CB7eD9A43572b5BA1B8F82A0a6E263DC,0x4f0895f9af8e3094174ac0e05e0ecac1fe3caeac409599a9275fd27e270d0fe0
0x7346e2a07688bff37a47cf79d99ac865c453a9ac,9.985,2017-08-07 19:28:10+00:00,"0x29b5b30c,0x41c0e1b5,0xe5225381,0xffffffff",,False,0x42dA8a05CB7eD9A43572b5BA1B8F82A0a6E263DC,0xe248c0d7956a7e7a5e3c906c9e1eb873106cae59c74644629679f53ff0461f30
0xb158abe17dd11593b62a2eb48cd10cf547cea5ba,9.9809,2017-08-07 20:57:44+00:00,"0x29b5b30c,0x41c0e1b5,0xe5225381,0xffffffff",,False,0x42dA8a05CB7eD9A43572b5BA1B8F82A0a6E263DC,0xc02f735a509a7c274fab96b84ab123a26cec0c31cf3a016bcab52c43466673e7
0x70789691f2bd45585a4593d2800b8d5597c9574d,9.98,2017-08-19 18:01:49+00:00,"0x29b5b30c,0x41c0e1b5,0xe5225381,0xffffffff",,False,0x42dA8a05CB7eD9A43572b5BA1B8F82A0a6E263DC,0xbd6fa5ab17759ef4a0aba92b76d0cf74fc50283629820b19563b45563d0321bb
0x97c7f2d30a7590c4c9dbcb04bacaa7b257e29ac9,9.976,2017-08-18 07:47:44+00:00,"0x29b5b30c,0x41c0e1b5,0xe5225381,0xffffffff",,False,0x42dA8a05CB7eD9A43572b5BA1B8F82A0a6E263DC,0x6b28497e55ea5d5cbbf7cf3204ae85d65d36118726364fc6ccf4f975b09f824f
0xa6ea4c2df9b25f86406bba16f6765aa12ef43f59,9.97,2017-08-18 07:56:33+00:00,"0x29b5b30c,0x41c0e1b5,0xe5225381,0xffffffff",,False,0x42dA8a05CB7eD9A43572b5BA1B8F82A0a6E263DC,0xc7891fc7aa692269b08c669edc45ee5b89509ef5a0da44cd09642f112b60a4c9
0x9ac1f447385f0b8a454f8440c4283b816cca7f97,9.9648284,2017-08-07 21:26:28+00:00,"0x29b5b30c,0x41c0e1b5,0xe5225381,0xffffffff",,False,0x42dA8a05CB7eD9A43572b5BA1B8F82A0a6E263DC,0x894eec97a257f5e57262cf86a2542075de3a2cda46feb59abf771c0418ce24ca
0xb14f5cae94339c90ca5819fddd5cba2bd56566d9,9.96,2017-08-07 20:03:48+00:00,"0x29b5b30c,0x41c0e1b5,0xe5225381,0xffffffff",,False,0x42dA8a05CB7eD9A43572b5BA1B8F82A0a6E263DC,0x29310367b11e2dbdd44811ddb5bcbecaf0fdef86d811e178fc015a3d278dacc5
0xdacba2dca9fc0595189669382d9c640c9b6984db,9.96,2017-08-18 08:32:32+00:00,"0x29b5b30c,0x41c0e1b5,0xe5225381,0xffffffff",,False,0x42dA8a05CB7eD9A43572b5BA1B8F82A0a6E263DC,0xc7f8e2f6c8b66054ff29ecccb1ba2cee578c2177008244fb08186e599a4774a4
0x6cd125d42363c495ec243dba86693b510d081f41,9.954597749,2017-08-07 20:23:18+00:00,"0x29b5b30c,0x41c0e1b5,0xe5225381,0xffffffff",,False,0x42dA8a05CB7eD9A43572b5BA1B8F82A0a6E263DC,0x8b04ed2b30dd46383a0d84623facdc6052a550823f06fc68a0e0b7257da6fe43
0xb7626a304cfaab7aa3756de9cfc86be738c1c274,9.95006,2017-07-25 21:44:58+00:00,"0x29b5b30c,0x41c0e1b5,0xe5225381,0xffffffff",,False,0x42dA8a05CB7eD9A43572b5BA1B8F82A0a6E263DC,0x3515bccfb836a1c1e1c50d03acd71d55749da66d67a14b03fd83b0151e7ad8d5
0x103c8437b3d56ffd8445ad83ab3b4211e92ebae7,9.948385197,2017-08-19 17:43:35+00:00,"0x29b5b30c,0x41c0e1b5,0xe5225381,0xffffffff",,False,0x42dA8a05CB7eD9A43572b5BA1B8F82A0a6E263DC,0x3a65cfe1720f7a75eddfd5a1c030b9546a7d72b728f69e5de1070aad15fe79a4
0x549b38e8e5fb1ba4acd4187d8b7c8a04deb53206,9.941333333,2017-10-01 16:44:42+00:00,"0x0ad40df1,0x2b68b9c6,0x2e1a7d4d,0x3a375a92,0x3c745ad5,0x4e390f2a,0x5f238402,0x60795d80,0x704b6c02,0x7826bfa8,0x79ba5097,0x8a87b5c5,0x8da5cb5b,0xb5ed298a,0xb6253539,0xd153b60c,0xf298083b,0xf851a440,0xffffffff",LotteryAdmin,True,0x42aBdD654dE6Aba2d157a1Ba39245eA596Eb9717,0x7cb2ad6e87dfdf716fad6e47d84fafb3eaf024af83b227d12c176ac64bd45658
0x003c93e8ec5a1e2f5baaf61be50ea1c29b254a27,9.939,2017-08-19 18:33:29+00:00,"0x29b5b30c,0x41c0e1b5,0xe5225381,0xffffffff",,False,0x42dA8a05CB7eD9A43572b5BA1B8F82A0a6E263DC,0x9e200f5b6311a8aa7b415cc88030cbe53cdf47e227bc4e2245d285b75bab1b32
0x5fe1c521c387e602371d1d966d6716d305e287c0,9.9052,2017-08-07 20:31:17+00:00,"0x29b5b30c,0x41c0e1b5,0xe5225381,0xffffffff",,False,0x42dA8a05CB7eD9A43572b5BA1B8F82A0a6E263DC,0x816c261f0efca8ea0b31b86e6880c8579accc21a2c03ebc38d341b01969c65a6
0xb6af0b9439631cfa139fc3c00db17f4485034b3a,9.90517,2017-08-18 08:30:40+00:00,"0x29b5b30c,0x41c0e1b5,0xe5225381,0xffffffff",,False,0x42dA8a05CB7eD9A43572b5BA1B8F82A0a6E263DC,0xf342cbcdf2ac5931b1725d925b31dc16f38867a81718f9deacef88ecef59f5cb
0xe4972421f88c1f47986f54cbfd2d1e2e671680ac,9.899950774,2018-04-15 13:47:45+00:00,"0x025e7c27,0x026eca12,0x02fc28c4,0x08867fc2,0x192f1076,0x1f35bc40,0x26a4e8d2,0x26b52faf,0x29c90b63,0x31d2f891,0x36e61cf7,0x3b64e77e,0x3ccfd60b,0x3e239e1a,0x40e6b00a,0x42e94c90,0x481c6a75,0x4ac1ad78,0x59927044,0x5f583846,0x6252c127,0x62ba9687,0x65c72840,0x677ba3d3,0x774a97cf,0x7f791833,0x84219204,0x880dc4e6,0x89ea2cb7,0x8aa001fc,0x8c8d98a0,0x903171ae,0x9054bbb6,0x9054bdec,0x92a0fd64,0x92d66313,0x962c9c8d,0xa0e67e2b,0xa324ad24,0xa6f0e577,0xa78a651a,0xab231511,0xb1999937,0xb238ad0e,0xb465e52f,0xb51459fe,0xbd7427f8,0xc19d93fb,0xc5f5ce21,0xcae6b9c5,0xcc96019f,0xd0e6cfec,0xd66f146d,0xe9b5a2f7,0xeb6b192f,0xf190a793,0xfa4d3698,0xfa93f883,0xfbbfe830,0xfc0c546a,0xfd221031,0xff01ffa8,0xffffffff",PollManagedFund,True,0xBBE89a5fE1F1EEa2224bC5F7428e88C238a191a7,0x44416ed0d693fefccf9a45b799d2e3deef0ba1655f5cf9a87e65d4394500b008
0xce93c32d7f11de163a95a466da9a1983c89f2938,9.896744676,2017-08-18 07:35:34+00:00,"0x29b5b30c,0x41c0e1b5,0xe5225381,0xffffffff",,False,0x42dA8a05CB7eD9A43572b5BA1B8F82A0a6E263DC,0x54203ee85c3a4a02aab619f14eea68326bf1c97cd9b8c1fbecb56d924bb3d400
0xd8a78cfa0ce29e1f00c8d3dcbc1ce52320166901,9.874,2017-08-18 07:35:34+00:00,"0x29b5b30c,0x41c0e1b5,0xe5225381,0xffffffff",,False,0x42dA8a05CB7eD9A43572b5BA1B8F82A0a6E263DC,0xe36011267f1fabe93e3801c4c29a82f38d7d6fbce4daf512413e8c89fe0d233b
0x88fbc9fca7795b7f77bdfdb5ff4c60332e6643c5,9.867000008,2017-08-18 07:46:55+00:00,"0x29b5b30c,0x41c0e1b5,0xe5225381,0xffffffff",,False,0x42dA8a05CB7eD9A43572b5BA1B8F82A0a6E263DC,0x387fe79cef104c5816710db6eacb10dffd44d1a0abcd0220efab6e95f884dcf3
0xe212114b8108119df16084af69e384070dae51cf,9.861446,2017-08-18 08:50:33+00:00,"0x29b5b30c,0x41c0e1b5,0xe5225381,0xffffffff",,False,0x42dA8a05CB7eD9A43572b5BA1B8F82A0a6E263DC,0x45b6aec609bee7a380cc5af5e2380bad93024d4ed87d1fdd2559d2c989ff69a3
0x9c4e2cc039ff6290ae81cd53182aa99b3cb8ecad,9.85,2017-08-07 23:48:06+00:00,"0x29b5b30c,0x41c0e1b5,0xe5225381,0xffffffff",,False,0x42dA8a05CB7eD9A43572b5BA1B8F82A0a6E263DC,0x5d41d5ac755a303a60ba68b5e41faba53bd9658cbb38ea12d18267228d9b74c4
0x13600ef4292d0d44b70ee5c4d1b887520fa9e4cb,9.818249348,2017-08-07 22:25:42+00:00,"0x29b5b30c,0x41c0e1b5,0xe5225381,0xffffffff",,False,0x42dA8a05CB7eD9A43572b5BA1B8F82A0a6E263DC,0x1433a67638fc285401e31b64259d1ef81efaf921ea32000c1c87c394966761a1
0x13330a64d456b1a8df33df8c298c85044c698e72,9.781754091,2017-08-19 17:57:33+00:00,"0x29b5b30c,0x41c0e1b5,0xe5225381,0xffffffff",,False,0x42dA8a05CB7eD9A43572b5BA1B8F82A0a6E263DC,0xb36327c18bb53ca3c691a173fda8eb6db8452fe13d2e8d2d8ef9aebe62c9150a
0x90a4074e54617367683c186051415688a10e0370,9.742287415,2017-08-08 00:12:51+00:00,"0x29b5b30c,0x41c0e1b5,0xe5225381,0xffffffff",,False,0x42dA8a05CB7eD9A43572b5BA1B8F82A0a6E263DC,0x5e8e09b247d4907537470dd848004ab9638f4a044bbb27d40c8804debe52e399
0x14143ea113e7811b726f4d40da2a033aa733cf12,9.710427799,2017-08-07 20:24:04+00:00,"0x29b5b30c,0x41c0e1b5,0xe5225381,0xffffffff",,False,0x42dA8a05CB7eD9A43572b5BA1B8F82A0a6E263DC,0x83468fa5192b6d6da48cdf3edd79d75bd7ba996a0e0957e6906045c0222131c3
0x9cbdcab11a182b41ad0ac975d9aa2a1faf0a53b2,9.6606047,2017-08-18 07:50:27+00:00,"0x29b5b30c,0x41c0e1b5,0xe5225381,0xffffffff",,False,0x42dA8a05CB7eD9A43572b5BA1B8F82A0a6E263DC,0xed120ce802102e6313291707a26d7a4a4b5ed564fdf4abf6cca69db09a7ae947
0x20465dd8b9168efe34e635150b9489ffe0cd5ba7,9.6545522,2017-08-07 22:13:48+00:00,"0x29b5b30c,0x41c0e1b5,0xe5225381,0xffffffff",,False,0x42dA8a05CB7eD9A43572b5BA1B8F82A0a6E263DC,0x058eac10c27161ae6dbf1d71a749f6c1582ffa1bbd61c82f557a86a96a082458
0xb21a771f3a9513c8556b20566c7ae82c84ab0afe,9.628742,2018-05-01 20:15:34+00:00,"0x14614af9,0x1642045e,0x17f708fb,0x19f363bc,0x2b55b792,0x2d923501,0x2e1a7d4d,0x390a05a8,0x4d5a8e10,0x54fd4d50,0x5bbf97f2,0x7c422f1d,0x853828b6,0x89fb8a48,0x9aae82c1,0xa9cc4718,0xc0ee0b8a,0xd0e30db0,0xd3c4c4d0,0xdef86cbb,0xe7f4cc8c,0xf251fc8c,0xf91c7ca3,0xfffe58a2,0xffffffff",,False,0x679C6b34188eCD53FbA5F8cF5340c3698EdcE7C0,0x101b38cf778311263ff25380a47d02db7b0bd76b49a35bb79ed89aada91480ae
0xc28e860c9132d55a184f9af53fc85e90aa3a0153,9.626290042,2018-04-30 22:50:29+00:00,"0x06fdde03,0x10d0ffdd,0x18160ddd,0x22609373,0x313ce567,0x3ccfd60b,0x4b750334,0x56d399e8,0x688abbf7,0x6b2f4632,0x70a08231,0x8620410b,0x949e8acd,0x95d89b41,0xa9059cbb,0xe4849b32,0xe9fad8ee,0xf088d547,0xfdb5a03e,0xffffffff",POTJ,True,0x85abE8E3bed0d4891ba201Af1e212FE50bb65a26,0x43a631c2766d9f4776ca64dcf5b57fb37b766dbded173caf0508532a1dfbaa0d
0x91a01bc01517848b23f509fc44383331a4878713,9.625,2017-08-18 08:06:59+00:00,"0x29b5b30c,0x41c0e1b5,0xe5225381,0xffffffff",,False,0x42dA8a05CB7eD9A43572b5BA1B8F82A0a6E263DC,0x0b1c65c0e277121ed300d81e82fe1101af2ec0cb8ac2238be395c45ecc3a0c4f
0xa4dce3845cb88a6fca0291d4eca9e5a96e75e2b4,9.592242173,2019-11-02 00:18:40+00:00,"0x041f8320,0x06fdde03,0x10d0ffdd,0x18160ddd,0x22609373,0x313ce567,0x3818c83c,0x3ccfd60b,0x3dce373e,0x416c0e21,0x4b750334,0x56d399e8,0x688abbf7,0x6b2f4632,0x70a08231,0x74475319,0x8328b610,0x8620410b,0x8f32d59b,0x949e8acd,0x95d89b41,0x96348e5e,0x997664d7,0xa8e04f34,0xa9059cbb,0xc9c6b556,0xd8edeb1b,0xdfb0886b,0xe4849b32,0xe9fad8ee,0xf088d547,0xfdb5a03e,0xffffffff",CxxMain,True,0xEE4207bE83685C94640d2fFb0961F71c2fC4fC4F,0x3ccd5b5733a0b9614f52d0b7856ac3b9a44b21e101b6f2eceb89cf1815bf7022
0xe285a24353c85362a32634adf1095d2633bd1041,9.55,2017-08-07 20:09:57+00:00,"0x29b5b30c,0x41c0e1b5,0xe5225381,0xffffffff",,False,0x42dA8a05CB7eD9A43572b5BA1B8F82A0a6E263DC,0xa505d3bfbcc4074e2fcf7411ddc91087a68ac95bee76e37ecc4d487581c4aa0b
0x3228dbcd2203592c1c0c9597acc788ec918b7806,9.546258141,2018-09-30 13:00:09+00:00,"0x019d16f9,0x035c7cd5,0x03da3582,0x07feb8f4,0x088c6ce3,0x10fb5ba6,0x1322e307,0x170111c2,0x17ffc320,0x1862fbae,0x1b26b367,0x1b5ae6e1,0x22052d07,0x242a9888,0x24e2f5c2,0x2977f106,0x2be691dc,0x378aa701,0x37952661,0x37c161a0,0x3b11f49a,0x3bc5de30,0x3ccfd60b,0x43243797,0x44530f3a,0x4a160a3f,0x4a79c25c,0x4fa6a737,0x56397c35,0x56582bf9,0x5671e4d2,0x571652db,0x6911e51e,0x6b92cdc5,0x6d916788,0x6eef0ff6,0x6f0b0c1c,0x757d0fba,0x79fd7754,0x7cc300c9,0x7df1f1b9,0x83aa9975,0x88798935,0x8958822b,0x8b396580,0x8e19e1ee,0x8fdf6eba,0x929eea21,0x92d09ceb,0x9b94f0ae,0x9cf4d409,0x9d08adf7,0x9f727c27,0xa717ef34,0xa846c2fd,0xa8f81b65,0xae0229b3,0xaf32e2d5,0xbd8d8736,0xc276f44d,0xc4c2b5ea,0xca1d209d,0xcbde3d74,0xceae2688,0xd448f4ac,0xd8270dce,0xe0e60ef0,0xe273fa87,0xe6013b72,0xe7dde10d,0xe824600f,0xe8db0562,0xe8e28f1c,0xea8a1af0,0xf0149a0e,0xf65bad06,0xf90ca117,0xfe2f796b,0xffffffff",,False,0x9423317A48B4b0Af453B1F206e96E65AbfAD3E26,0x419a80837945412e158e45576cc6ee3780253d78948d82224fd71d3ecd2a384a
0x638886c0ce192110c6b419c3fcbe6af7aecf9cf8,9.5402,2017-08-07 19:38:19+00:00,"0x29b5b30c,0x41c0e1b5,0xe5225381,0xffffffff",,False,0x42dA8a05CB7eD9A43572b5BA1B8F82A0a6E263DC,0x306e0d2fc71780f715ff10504db294f9613aa9e3417d314fe59ac8b42888be0c
0xe18231ea621e7864ff941eacc0d7e3b04d9fe779,9.536,2017-08-07 20:00:36+00:00,"0x29b5b30c,0x41c0e1b5,0xe5225381,0xffffffff",,False,0x42dA8a05CB7eD9A43572b5BA1B8F82A0a6E263DC,0xfc9541d60e66cb22c96629c392d7558ccec3a0e5e9d1342d799b80405fdbed98
0xbdc0b94a3b4f3328b7aa2d96011f088742f8452a,9.53,2017-08-19 18:33:04+00:00,"0x29b5b30c,0x41c0e1b5,0xe5225381,0xffffffff",,False,0x42dA8a05CB7eD9A43572b5BA1B8F82A0a6E263DC,0x973f3702f0cdb3059a8c9ec39b862c90f341872a88490e6660307499bac98c11
0x8aa0d4dbb09f275dd2787d4a66fdd5d4de7463c1,9.51674129,2017-07-25 21:22:08+00:00,"0x29b5b30c,0x41c0e1b5,0xe5225381,0xffffffff",,False,0x42dA8a05CB7eD9A43572b5BA1B8F82A0a6E263DC,0xa22b51d204525354d94828a2d077ed7398ee20369619d8f47c524a94e51f545d
0x89a7bb3fb47c75cb10782c7a95c007c4f56337b2,9.507914129,2017-08-07 23:22:32+00:00,"0x29b5b30c,0x41c0e1b5,0xe5225381,0xffffffff",,False,0x42dA8a05CB7eD9A43572b5BA1B8F82A0a6E263DC,0x85a5fa1d7f60569469c90ca6e73b0baa3135615a52d7ae54b63c19b3216fd7cc
0xbfd32a7267fe3e8e767a1074d0494bb20c99ccef,9.4776,2017-07-25 22:05:57+00:00,"0x29b5b30c,0x41c0e1b5,0xe5225381,0xffffffff",,False,0x42dA8a05CB7eD9A43572b5BA1B8F82A0a6E263DC,0x1a9151b3b47a5e86e4ef184dad82f897b7df8cf2a28001036f5781989482f574
0x6748f602b248e26e062f613d7ec24accea31cf44,9.4734162,2017-08-07 21:00:27+00:00,"0x29b5b30c,0x41c0e1b5,0xe5225381,0xffffffff",,False,0x42dA8a05CB7eD9A43572b5BA1B8F82A0a6E263DC,0x6ec65f73a6f6f1065cbc41016d71b89f19bb4f5eed8576b6b2e982252e54fe1e
0x2a0445becf9f9f27143be0f7b9916a55951cc5af,9.467623632,2017-08-18 07:57:45+00:00,"0x29b5b30c,0x41c0e1b5,0xe5225381,0xffffffff",,False,0x42dA8a05CB7eD9A43572b5BA1B8F82A0a6E263DC,0x4235df4d81d78f46fb9b269f2eda85b89d550cb8782c6dd0cd9a7bbfe3320d29
0x56057a98d1bca6109489e8728e6ed6b32d65b02d,9.459,2017-08-07 21:06:38+00:00,"0x29b5b30c,0x41c0e1b5,0xe5225381,0xffffffff",,False,0x42dA8a05CB7eD9A43572b5BA1B8F82A0a6E263DC,0x02837011e822135c88f713a745ed94ee82fb2ea56a51afbe737e4a4c0c30b789
0x5d4096955ec88f1edd7eabf7012fc372e9f70c22,9.439541,2017-08-07 22:41:35+00:00,"0x29b5b30c,0x41c0e1b5,0xe5225381,0xffffffff",,False,0x42dA8a05CB7eD9A43572b5BA1B8F82A0a6E263DC,0x1d93bc6fee2af2dcc428a7d934b46aaa65e5ffa86d8f74818523b25d4bd9e057
0xde0bb7d4e8629518956e599fb3ec4bb6934098b0,9.436,2017-08-07 22:15:20+00:00,"0x29b5b30c,0x41c0e1b5,0xe5225381,0xffffffff",,False,0x42dA8a05CB7eD9A43572b5BA1B8F82A0a6E263DC,0x17b01d59990474a49b7e6b0a95947e12db5245b83fcb11b3c83e84d182fd08d6
0xf612f389d4f267026b786e373382f6ead43ed23c,9.4262519,2017-08-07 23:12:40+00:00,"0x29b5b30c,0x41c0e1b5,0xe5225381,0xffffffff",,False,0x42dA8a05CB7eD9A43572b5BA1B8F82A0a6E263DC,0x646cb6a511b3889c60d38e5d3d5a7f5e5f38cddb881409f0e02b05c2225d56ec
0x782581f328cde43dc713131d532c6de59227ec85,9.408153142,2017-08-07 20:53:05+00:00,"0x29b5b30c,0x41c0e1b5,0xe5225381,0xffffffff",,False,0x42dA8a05CB7eD9A43572b5BA1B8F82A0a6E263DC,0x11d838c1a8c3262eff874999d2939e510ef2a77e992743a5fdb2d143490e6e71
0x247db2270f1d5f47dcebabd690839fd506218cd0,9.397622558,2017-08-07 20:29:46+00:00,"0x29b5b30c,0x41c0e1b5,0xe5225381,0xffffffff",,False,0x42dA8a05CB7eD9A43572b5BA1B8F82A0a6E263DC,0x6206920e0c1153a7a23416fb80323d01f3e6d44f5b5401d213bebbc6aaf46977
0xf02765952b9a9bc0a4fcfdba7fbdbc9940da3f83,9.39,2017-08-18 08:14:13+00:00,"0x29b5b30c,0x41c0e1b5,0xe5225381,0xffffffff",,False,0x42dA8a05CB7eD9A43572b5BA1B8F82A0a6E263DC,0x00a26ebf91c776028c2475b2af528989c7c92c5e19e60ef1dcd7d8ac9f435454
0x37c0e815cdf761ea66e3bffbae51bc87237a5c42,9.342647048,2017-08-07 20:57:58+00:00,"0x29b5b30c,0x41c0e1b5,0xe5225381,0xffffffff",,False,0x42dA8a05CB7eD9A43572b5BA1B8F82A0a6E263DC,0x640bb84de7d446cd77825119b2e5075636de9460867cd8c4371663ee3abb12ab
0x4c9a40a892ad00165d746cf591ffcb37d50d6b57,9.3126,2017-08-18 08:43:51+00:00,"0x29b5b30c,0x41c0e1b5,0xe5225381,0xffffffff",,False,0x42dA8a05CB7eD9A43572b5BA1B8F82A0a6E263DC,0x1792340158f9db6dd21cee6aab37d04f5bd607477166ab47f1ef8d140357a450
0xaac6cca7a2da37c2160e39baa7c5cb785481c878,9.3066,2017-08-07 23:12:34+00:00,"0x29b5b30c,0x41c0e1b5,0xe5225381,0xffffffff",,False,0x42dA8a05CB7eD9A43572b5BA1B8F82A0a6E263DC,0x528c4a8a0dfe4549839c39b9a6708e10d53157287744e72f870166943877c08c
0x34d77a17038491a2a9eaa6e690b7c7cd39fc8392,9.284,2019-02-12 21:57:28+00:00,"0x01ffc9a7,0x0519ce79,0x06fdde03,0x081812fc,0x095ea7b3,0x0a09859d,0x0a0f8168,0x1051db34,0x18160ddd,0x20fa0ef1,0x21b8092e,0x23b872dd,0x27d7874c,0x27e235e3,0x2ba73c15,0x2f745c59,0x3ccfd60b,0x3d504625,0x3f4ba83a,0x40c10f19,0x42842e0e,0x4aff215a,0x4e0a3379,0x4e89fdca,0x4f6ccce7,0x515e9512,0x5a3f2672,0x5c975abb,0x5fd8c710,0x6352211e,0x68b3abfe,0x6cdec3b7,0x70a08231,0x715018a6,0x754d4c0e,0x7da31b02,0x8456cb59,0x87fe831d,0x8da5cb5b,0x8f32d59b,0x916ada2a,0x95d89b41,0x97719410,0x990f4a3f,0x9caeee0e,0x9e53c554,0xa22cb465,0xb047fb50,0xb55e4c22,0xb7cd2088,0xb88d4fde,0xbafc1b7a,0xbccbc596,0xc87b56dd,0xd7179f4c,0xe4f39c98,0xe985e9c5,0xef2a5c10,0xf2bcd022,0xf2fde38b,0xf9c23b4b,0xfdfa1cac,0xffffffff",DADA Collectible,False,0x014D90CAb18eC418dDe367d4F12B58a1f7a32B02,0x6f083475d4649e035597068b81baf646b41b2e17b42b1a357841e1f9da620f76
0x66bdb63ab4e671b99cdc3fd1b0576ad843f30739,9.2606345,2017-08-07 19:59:15+00:00,"0x29b5b30c,0x41c0e1b5,0xe5225381,0xffffffff",,False,0x42dA8a05CB7eD9A43572b5BA1B8F82A0a6E263DC,0xeaf2448c7b1d2433fffa28d0e31894be9ad2af97604c64804681ac83335b5ba0
0x19de1ef4a3dff8ae4d199bd7b180143ad06b4e37,9.2276,2017-08-07 23:24:10+00:00,"0x29b5b30c,0x41c0e1b5,0xe5225381,0xffffffff",,False,0x42dA8a05CB7eD9A43572b5BA1B8F82A0a6E263DC,0xfe6e92b648b71d08d56f4e0fe20e9159816ead84eac07dbb2d623dd163fe9fa0
0xf86af5200e59c1e93290061d1dd6d319cf514671,9.1619,2017-08-19 18:16:36+00:00,"0x29b5b30c,0x41c0e1b5,0xe5225381,0xffffffff",,False,0x42dA8a05CB7eD9A43572b5BA1B8F82A0a6E263DC,0x1b5e7653e6a0d8024fb099eb5ad4f3390fda1df057f8be52463284ce5bb5bff4
0xa56c55b97fe374100eeb0b06c2c8ffe0a20e4ca1,9.144167019,2017-08-07 22:21:12+00:00,"0x29b5b30c,0x41c0e1b5,0xe5225381,0xffffffff",,False,0x42dA8a05CB7eD9A43572b5BA1B8F82A0a6E263DC,0xc9d074ffb748eb1724443840c7eab6e1325990b07c379ecea4805ad3f55b4999
0x73f7c41dd2ebd45ea4895c282c405b1fd9e7bc74,9.05,2017-08-18 08:05:54+00:00,"0x29b5b30c,0x41c0e1b5,0xe5225381,0xffffffff",,False,0x42dA8a05CB7eD9A43572b5BA1B8F82A0a6E263DC,0x7b5d157807994e5ec6348b8e7f7756bdecd08c528ca68a44da0b43bb735b66ea
0x89dcc7861e6dfc5137f6702980400025b0b41786,9.04,2017-08-08 00:03:32+00:00,"0x29b5b30c,0x41c0e1b5,0xe5225381,0xffffffff",,False,0x42dA8a05CB7eD9A43572b5BA1B8F82A0a6E263DC,0xe4801b2fb27368bcff8d4b8e2e3cc9ceafc80990abdf92b167ecb2c7ef3a0d60
0xbece508b845f8a562851917f72c976890c2b91f5,9.03797488,2017-08-19 17:44:27+00:00,"0x29b5b30c,0x41c0e1b5,0xe5225381,0xffffffff",,False,0x42dA8a05CB7eD9A43572b5BA1B8F82A0a6E263DC,0x052ecf33698731a269c3e6ec3d62020b3d231ca931b952e51c3a622dbc4f45c7
0x751650f735bd79d5d32a146f4f14bee7c8bb46e7,9.030924822,2017-07-25 21:29:03+00:00,"0x29b5b30c,0x41c0e1b5,0xe5225381,0xffffffff",,False,0x42dA8a05CB7eD9A43572b5BA1B8F82A0a6E263DC,0x2ef00e42d1c978b374c14b13be4a0a436dfcbdcffe695b8d2fb18a23122f7b8b
0x3f7f173330eea90c3a4c2be557b966a6b65e256e,9.018594323,2017-08-07 23:11:19+00:00,"0x29b5b30c,0x41c0e1b5,0xe5225381,0xffffffff",,False,0x42dA8a05CB7eD9A43572b5BA1B8F82A0a6E263DC,0xbacc921484193c013d7166296a8a00f07cf585459f8908e1c202c3463e4fa6b8
0x227cfce5d52f0af38c47329302d011236467208e,9.000000008,2017-07-25 22:23:23+00:00,"0x29b5b30c,0x41c0e1b5,0xe5225381,0xffffffff",,False,0x42dA8a05CB7eD9A43572b5BA1B8F82A0a6E263DC,0xdef905b58d6e9ce3fb1609a189df5ed220d11d47531b1ebcb76296c23c46efa2
0x058e120952c3c1a979a70d319a0f59668273c4de,9.0,2017-08-07 20:13:13+00:00,"0x29b5b30c,0x41c0e1b5,0xe5225381,0xffffffff",,False,0x42dA8a05CB7eD9A43572b5BA1B8F82A0a6E263DC,0xc33880c2443502921c8f776722bb08c0b976dce32124001211c7e6bf60233950
0x26c24bcaae47acb500f9db8f778cb5d4f872039d,8.999067977,2017-07-25 22:12:24+00:00,"0x29b5b30c,0x41c0e1b5,0xe5225381,0xffffffff",,False,0x42dA8a05CB7eD9A43572b5BA1B8F82A0a6E263DC,0x3115ccdc3386b3500448d6ca5e0bcd9b493348761d86b28d4ee1f3556ed0eaaf
0x69ba5e11eafae3ffc49753e40ba7814cdcbff69f,8.998742272,2017-08-07 20:17:16+00:00,"0x29b5b30c,0x41c0e1b5,0xe5225381,0xffffffff",,False,0x42dA8a05CB7eD9A43572b5BA1B8F82A0a6E263DC,0x92e43440843eabd0f62574074286c59e5d281e451c70e9391f6c0d1d453bfcab
0x4585384f7a593f12a54b859625f43ade679f52e2,8.9982735,2017-08-18 07:49:01+00:00,"0x29b5b30c,0x41c0e1b5,0xe5225381,0xffffffff",,False,0x42dA8a05CB7eD9A43572b5BA1B8F82A0a6E263DC,0x7a06a378e9b9817ed95f52f606a173b491117f7644292f855fc31de8082d4227
0xe2f935006e46ff5a5ed41f44ab236575197ee3ee,8.99,2017-08-08 00:26:14+00:00,"0x29b5b30c,0x41c0e1b5,0xe5225381,0xffffffff",,False,0x42dA8a05CB7eD9A43572b5BA1B8F82A0a6E263DC,0xe81356d27ae9621bc4eec808ef516cd4d8c37e4163e78fdd800415a52e88ccab
0x09a6bb3d8683268bcf957c0de4da2288b6088bd8,8.96,2017-07-25 21:22:08+00:00,"0x29b5b30c,0x41c0e1b5,0xe5225381,0xffffffff",,False,0x42dA8a05CB7eD9A43572b5BA1B8F82A0a6E263DC,0x0b2b731c663c1951f0b2ed4b676b1a20a5ab238d8e57736fe640e222f7e10bc9
0xe9e19a6b8d3bdf4c7421b3c9f846058e2730852e,8.953197,2017-08-07 20:02:49+00:00,"0x29b5b30c,0x41c0e1b5,0xe5225381,0xffffffff",,False,0x42dA8a05CB7eD9A43572b5BA1B8F82A0a6E263DC,0x4bf21d629d9e70a74888895aa63621464af9ed3f5c539cb33cf3b73503720343
0xf8a33a24907747ef3f875673b7040a1206f81631,8.92953,2018-06-11 14:54:13+00:00,"0x14614af9,0x1642045e,0x17f708fb,0x19f363bc,0x2b55b792,0x2d923501,0x2e1a7d4d,0x390a05a8,0x4d5a8e10,0x54fd4d50,0x5bbf97f2,0x7c422f1d,0x853828b6,0x89fb8a48,0x9aae82c1,0xa9cc4718,0xc0ee0b8a,0xd0e30db0,0xd3c4c4d0,0xdef86cbb,0xe7f4cc8c,0xf251fc8c,0xf91c7ca3,0xfffe58a2,0xffffffff",,False,0x709e6942CF5203123F2640B3d15de98e42b45605,0x445e0bf31d453ff4fa1a2ac868dcda2e30ed4ee56d41058b1bc4a97ec69792cf
0xf8272c7249fa80c51a8b4b1c667ef34f44180d43,8.91,2017-08-07 22:36:20+00:00,"0x29b5b30c,0x41c0e1b5,0xe5225381,0xffffffff",,False,0x42dA8a05CB7eD9A43572b5BA1B8F82A0a6E263DC,0x54b7e88035345ce14cc9bcbd97e9f6a5c823bd07108f4c11d49bfa7ee3baf1f1
0x91e0cbe9ac52f35aba53d7eab817c934f5bb39ad,8.87254699,2017-08-07 20:20:58+00:00,"0x29b5b30c,0x41c0e1b5,0xe5225381,0xffffffff",,False,0x42dA8a05CB7eD9A43572b5BA1B8F82A0a6E263DC,0xe45637012b1de7ca54d65fc65f7102e4c081a099537bb6090be5c75a8e88cf6b
0xe86b75278476ec386a88133d483d77bd9d76fc83,8.846,2017-08-19 18:28:12+00:00,"0x29b5b30c,0x41c0e1b5,0xe5225381,0xffffffff",,False,0x42dA8a05CB7eD9A43572b5BA1B8F82A0a6E263DC,0x29731eaa458edbd6cdc4c4b60bcc9253afe4e510f37a753596a51c7a40dfa3ba
0x19a52104b47bf583ee64160c0a9f816fbf33079b,8.841100008,2017-08-07 19:10:59+00:00,"0x29b5b30c,0x41c0e1b5,0xe5225381,0xffffffff",,False,0x42dA8a05CB7eD9A43572b5BA1B8F82A0a6E263DC,0xbc629d638efe9968dc6f82856302e1dda3aced1e44517b9d2585bf5ca5f66423
0x57fb96ffb50d108ca25e18e3dd886845d5401c6a,8.831206603,2017-08-07 23:57:10+00:00,"0x29b5b30c,0x41c0e1b5,0xe5225381,0xffffffff",,False,0x42dA8a05CB7eD9A43572b5BA1B8F82A0a6E263DC,0x10b3218cd39c14bdae9656492c27b9f9ada0c9e5bc0af75ccebfd000de835a28
0x8016c6a772c85c8fe6c4082eff4260e86b9ed401,8.82,2017-08-18 08:14:39+00:00,"0x29b5b30c,0x41c0e1b5,0xe5225381,0xffffffff",,False,0x42dA8a05CB7eD9A43572b5BA1B8F82A0a6E263DC,0x26a72ca9eafbdafa79d1061513bf6afab7c303cb9f7da617dee709d690e5faaf
0x196a66a53435ed142f6ba861db69fcd72bde09bf,8.808292,2018-05-09 18:09:18+00:00,"0x14614af9,0x1642045e,0x17f708fb,0x19f363bc,0x2b55b792,0x2d923501,0x2e1a7d4d,0x390a05a8,0x4d5a8e10,0x54fd4d50,0x5bbf97f2,0x7c422f1d,0x853828b6,0x89fb8a48,0x9aae82c1,0xa9cc4718,0xc0ee0b8a,0xd0e30db0,0xd3c4c4d0,0xdef86cbb,0xe7f4cc8c,0xf251fc8c,0xf91c7ca3,0xfffe58a2,0xffffffff",,False,0x679C6b34188eCD53FbA5F8cF5340c3698EdcE7C0,0xa5eae2ddd6618f3cdddf43af80fada766a3874b3b8d3aabbf34cad20edc5a763
0x114a74d3662019169539bc83566c807481e9457d,8.80339481,2017-08-07 21:18:48+00:00,"0x29b5b30c,0x41c0e1b5,0xe5225381,0xffffffff",,False,0x42dA8a05CB7eD9A43572b5BA1B8F82A0a6E263DC,0xe49a257a5b269182a088fef84b1f84759b1353a45f6caf51f1ed6d27220d9e0b
0x4ac2c0fc6f5cafc325a83a5c603499c42d77e186,8.8,2017-08-07 20:17:16+00:00,"0x29b5b30c,0x41c0e1b5,0xe5225381,0xffffffff",,False,0x42dA8a05CB7eD9A43572b5BA1B8F82A0a6E263DC,0x5d983a79f608f8c485de47f5d13d034ac28d05dc1508a8aede6ae260301f5e70
0xe8633a47f4d1cfdd3da15441064ce8f8f42c1369,8.791539024,2018-08-12 08:57:54+00:00,"0x018a25e8,0x06fdde03,0x079ce327,0x0f15f4c0,0x10f01eba,0x11a09ae7,0x24c33d33,0x2660316e,0x2ce21999,0x2e19ebdc,0x349cdcac,0x3ccfd60b,0x3ddd4698,0x49cc635d,0x5893d481,0x624ae5c0,0x63066434,0x685ffd83,0x747dff42,0x82bfc739,0x8f38f309,0x8f7140ea,0x921dec21,0x95d89b41,0x98a0871d,0xa2bccae9,0xa65b37a1,0xc519500e,0xc7e284b8,0xce89c80c,0xcf808000,0xd53b2679,0xd87574e0,0xde7874f3,0xed78cf4a,0xee0b5d8b,0xffffffff",,False,0x8aE9e25CEe7480bfb730e9fBAd3a66b9029f33e7,0x7b593eaba23fc2b30868740a261e8762c330af72504fee794f1c7da9c1b978d0
0xc5407c686862d6b2e0301ad1513365d96ff50c7d,8.73,2017-08-07 21:26:28+00:00,"0x29b5b30c,0x41c0e1b5,0xe5225381,0xffffffff",,False,0x42dA8a05CB7eD9A43572b5BA1B8F82A0a6E263DC,0xdf180680b40660d2acd44e6fb47e6b46ea12a87426c6567ff8bcfbc0912daae1
0x9b2b16f9a9a65425ee9a117aa6ba9f0603d973f7,8.726532218,2018-04-09 21:32:04+00:00,"0x0bd18d7a,0x26476204,0x2e1a7d4d,0x4e71d92d,0x55e2305e,0x86be3981,0x8b0e9f3f,0xd0e30db0,0xd65ab5f2,0xfdb5a03e,0xffffffff",ProofOfStableCoin,True,0x21418B8985D45e3d26E65B7F4D1A4ae5B5Ecd47C,0xa7288891e6486cc35de347c297133d56d33d0a38bd297bab6c0c1d4135fa5ee8
0x93492d5fcbfef3574c9abf45bad721b66ce05798,8.680233788,2017-07-25 22:02:46+00:00,"0x29b5b30c,0x41c0e1b5,0xe5225381,0xffffffff",,False,0x42dA8a05CB7eD9A43572b5BA1B8F82A0a6E263DC,0xc9d2e306d7dadbe272291835d609b1009ec4c164a86b3adfe56d899c37b84d14
0x59e5901a5a49e65032468c898ea755dc3aae6697,8.6625,2018-03-12 01:08:09+00:00,"0x14614af9,0x17f708fb,0x19f363bc,0x2b55b792,0x2d923501,0x2e1a7d4d,0x4d5a8e10,0x54fd4d50,0x7c422f1d,0x853828b6,0x89fb8a48,0x9aae82c1,0xa9cc4718,0xc0ee0b8a,0xd0e30db0,0xd3c4c4d0,0xdef86cbb,0xf91c7ca3,0xfffe58a2,0xffffffff",,False,0xc0ABBf630BC11aA4A48f2CB6735F22104EeAF3e2,0x6a2ae147aea2e96ab76815dbb04466efb3277640f56349d19d3da89c58d95a4a
0x974a286c474409734bafc052e3494291c131a3b8,8.6517,2017-08-07 19:10:59+00:00,"0x29b5b30c,0x41c0e1b5,0xe5225381,0xffffffff",,False,0x42dA8a05CB7eD9A43572b5BA1B8F82A0a6E263DC,0x6ede44be650a4e52f0e198a530cc3cf9acaccecce7f495447e67e47dab3ab0e3
0x932918a137c8b4d97770e71fcacc03a57f32123e,8.635,2017-08-08 00:18:32+00:00,"0x29b5b30c,0x41c0e1b5,0xe5225381,0xffffffff",,False,0x42dA8a05CB7eD9A43572b5BA1B8F82A0a6E263DC,0x6f0575069f2e2bdc85f52dd95947706f705016b2502b69124b49c65ceae73505
0x17681500757628c7aa56d7e6546e119f94dd9479,8.625,2017-11-30 11:20:34+00:00,"0x057b17c0,0x06c0e841,0x06fdde03,0x110f8874,0x17ffc320,0x38af3eed,0x42e94c90,0x4a574d18,0x4e71e0c8,0x53490c67,0x54fd4d50,0x5958611e,0x6bb4cf76,0x77ef2c91,0x78e97925,0x7a3a0e84,0x7b3e5e7b,0x7ff9b596,0x828282e9,0x8da5cb5b,0x93608dfb,0xa96f8668,0xaaffadf3,0xaf640d0f,0xb6f4f96c,0xbeb0a416,0xbf3d6141,0xc040e6b8,0xc0ee0b8a,0xc9e84346,0xe30c3978,0xf2fde38b,0xfc0c546a,0xffffffff",Campaign,True,0xF257F870ED88353359eDBc37e219Ed4ED61A0bfC,0xa1847ca249fca2c2cd1fb45af01054662c325ba62ff38f34c98badc546b3c02f
0xd6aba5b52d65c0ca0a21331a7669a94c505da50c,8.61,2017-07-25 22:05:17+00:00,"0x29b5b30c,0x41c0e1b5,0xe5225381,0xffffffff",,False,0x42dA8a05CB7eD9A43572b5BA1B8F82A0a6E263DC,0x382efddb209b22e4d68605adeaf1470b5c24d8963d17dbdbdd11982c53a9f9d5
0x1c6fcd546f9d21b1bc404f1f25eb248d37123399,8.6,2017-08-08 00:29:56+00:00,"0x29b5b30c,0x41c0e1b5,0xe5225381,0xffffffff",,False,0x42dA8a05CB7eD9A43572b5BA1B8F82A0a6E263DC,0x7edaf12367c00f0a8c70a7433612eab837e5766d0f72b7a010afd9fc7917efb7
0xdbf359e16d3a14d2a10751443b348fe991cc846e,8.589982918,2017-08-07 23:02:36+00:00,"0x29b5b30c,0x41c0e1b5,0xe5225381,0xffffffff",,False,0x42dA8a05CB7eD9A43572b5BA1B8F82A0a6E263DC,0x565deb1e7701f3d61325bf4944387c57363ea7fc1e06bc2e67990a2b2eae1db6
0xc80c5e40220172b36adee2c951f26f2a577810c5,8.58917242,2018-05-17 06:22:49+00:00,"0x046f7da2,0x06fdde03,0x095ea7b3,0x11fe7e43,0x18160ddd,0x205360e0,0x23b872dd,0x2e12e6a1,0x313ce567,0x3284b3e2,0x3c9c97f0,0x3ead67b5,0x475a9fa9,0x522e35fb,0x5c975abb,0x66188463,0x6e4ed796,0x6ff96d17,0x70a08231,0x7362377b,0x76323253,0x7af05516,0x8456cb59,0x8a19c8bc,0x8b39d181,0x95d89b41,0x9d130343,0xa293d1e8,0xa9059cbb,0xb5931f7c,0xb88a802f,0xbe45fd62,0xc0ee0b8a,0xc38e650f,0xc7b23561,0xd05c78da,0xd2631e42,0xd73dd623,0xdd62ed3e,0xe6cb9013,0xf6368f8a,0xf6ba13a5,0xf9368e7a,0xffffffff",BankeraToken,True,0x002a6dF141CA363547FaBF82DA4A34af55Ba6651,0xe0b47ed6c9c5e8d1e2f07edbd6cf269c7f6a7f0154368a1871f72fc1a1afa2ac
0x5be0cd1f5939056e725c9315c3c22b936031590f,8.587,2017-08-07 23:16:05+00:00,"0x29b5b30c,0x41c0e1b5,0xe5225381,0xffffffff",,False,0x42dA8a05CB7eD9A43572b5BA1B8F82A0a6E263DC,0xddc551e0ad07a4dc2923093d996ede9cb9e44c0d81481190ecf8e41bd1515a6d
0x0a7cacea7d6aa5fd79b2d1d9a7ca1711a73f245e,8.54,2017-08-08 00:11:17+00:00,"0x29b5b30c,0x41c0e1b5,0xe5225381,0xffffffff",,False,0x42dA8a05CB7eD9A43572b5BA1B8F82A0a6E263DC,0x44a19d66f8011f1ee83f548007ec66fb1647d86cdb831e870ef09edce3fcbbf5
0x9af3f847233d6ab0e32d8b408df6fad1d9f13be4,8.530435,2017-08-07 20:46:21+00:00,"0x29b5b30c,0x41c0e1b5,0xe5225381,0xffffffff",,False,0x42dA8a05CB7eD9A43572b5BA1B8F82A0a6E263DC,0x081e703b6c93cd220bef7763a0449a40f00a60850a97ac790bdbd070c3107b16
0x508eb95e76f78aebca13b0b44ef94b2cbfdefe80,8.501534891,2017-08-07 20:53:05+00:00,"0x29b5b30c,0x41c0e1b5,0xe5225381,0xffffffff",,False,0x42dA8a05CB7eD9A43572b5BA1B8F82A0a6E263DC,0x5b01d601e146d62337bb1f268f5bb90ff4afa5e5ce81fbfcfe2a4aab1dfb2113
0xfa47677d91444e1e4afaa6fe8cd23f8675589379,8.5,2017-08-07 22:52:19+00:00,"0x29b5b30c,0x41c0e1b5,0xe5225381,0xffffffff",,False,0x42dA8a05CB7eD9A43572b5BA1B8F82A0a6E263DC,0xb042aa90274513608cff78027b554129ff238281d9d60776d8c09a4fc64dbab2
0x84cc06eddb26575a7f0afd7ec2e3e98d31321397,8.481723192,2019-11-02 01:15:59+00:00,"0x06fdde03,0x10d0ffdd,0x18160ddd,0x22609373,0x27defa1f,0x313ce567,0x392efb52,0x3ccfd60b,0x4b750334,0x56d399e8,0x688abbf7,0x6b2f4632,0x6f83b86b,0x70a08231,0x8328b610,0x8620410b,0x89135ae9,0x949e8acd,0x95d89b41,0xa8e04f34,0xa9059cbb,0xb84c8246,0xc47f0027,0xe4849b32,0xe9fad8ee,0xf088d547,0xfdb5a03e,0xffffffff",DIAMOND DIVIDENDS,True,0xf2267aF68559cd76Ee7645CCA0E2f2b99CD99dA3,0x5dee3ca286cee9a209fa94b69b34b6453825badbed13ed99b589bc972d77eec8
0x4363b5d64f228c819dc706889b09a0dc76e22fb0,8.476,2018-09-09 15:41:55+00:00,"0x0d826264,0x473897d1,0x4cfd5a82,0x5986a13d,0x710908c9,0x8292afd9,0x8d8f2adb,0x8da5cb5b,0x906a26e0,0x9762f802,0x98be7df7,0xa006e0e5,0xa17dd26c,0xa96f8668,0xb1401858,0xbe9a6555,0xd07547b6,0xdb478d08,0xefbe1c1c,0xf2fde38b,0xf7c618c1,0xfb86a404,0xfd6b7ef8,0xffffffff",Crowdsale,True,0x87aF7FA024035Df14C940c139B3252bb5A5B3944,0x6bab6629ed34285744d7f859b60b844d7e465ecb49cb3af1e14e7c856257910c
0xecfae6f958f7ab15bdf171eeefa568e41eabf641,8.446563961,2018-08-01 22:11:13+00:00,"0x06fdde03,0x0f34dc16,0x10d0ffdd,0x18160ddd,0x22609373,0x27defa1f,0x294205b4,0x313ce567,0x3b545d2f,0x3ccfd60b,0x4000aea0,0x4071f89b,0x4b750334,0x56d399e8,0x688abbf7,0x6b2f4632,0x70a08231,0x76be1585,0x8328b610,0x8620410b,0x87c95058,0x91a266ac,0x949e8acd,0x95d89b41,0xa8e04f34,0xa9059cbb,0xb743f7b6,0xb84c8246,0xc47f0027,0xcbe0a1aa,0xe4849b32,0xe9fad8ee,0xf088d547,0xfdb5a03e,0xffffffff",LYNIA,True,0x4eCFCfAD7e5E50F4B3581a65E9eF1774D5622d6b,0xa56a21b1111fd6783601aaa6dc6b545931d888fdf338e06c91075432f29f4ed0
0x28c1a2507b21cfc3a4f6d3738b45c81cb64904a0,8.44,2017-08-18 08:00:48+00:00,"0x29b5b30c,0x41c0e1b5,0xe5225381,0xffffffff",,False,0x42dA8a05CB7eD9A43572b5BA1B8F82A0a6E263DC,0xb8f276e918f38815321af1ddc4acd3e5a034ca8f5aa20ba9a6635427a854d46d
0x36c4fe4f4cfadb5848d2cf5bf3761461b5cc9e74,8.437065586,2017-08-07 19:17:47+00:00,"0x29b5b30c,0x41c0e1b5,0xe5225381,0xffffffff",,False,0x42dA8a05CB7eD9A43572b5BA1B8F82A0a6E263DC,0x6d1de4cef5b22f08310b52a7cc7b86b8eb80e90b968ac8a685cc9a93197ed8c9
0xb5d52e7190c29d3e9b6fa6ca3a44b1adaaf9620f,8.43,2017-09-14 15:29:33+00:00,"0x395ede4d,0x83197ef0,0x8da5cb5b,0xe5225381,0xffffffff",UserWallet,True,0x17Bc58b788808DaB201a9A90817fF3C168BF3d61,0xbc98038acc917a517b29f7b1cfa461470aab95b4f595ab1225a0b33c9219fd34
0xb25bc3300217ec9510c7ee97ad25f173ccef09b1,8.389,2017-08-19 17:58:49+00:00,"0x29b5b30c,0x41c0e1b5,0xe5225381,0xffffffff",,False,0x42dA8a05CB7eD9A43572b5BA1B8F82A0a6E263DC,0xc106ffe47f6760b1bef2bf2729bf489a0c31fb1d70f15ad37dbb299a4765fa34
0x5e722bc86bff7a40d6a94144bb86e41b9c9d8437,8.376414352,2018-03-12 15:10:29+00:00,"0x14614af9,0x17f708fb,0x19f363bc,0x2b55b792,0x2d923501,0x2e1a7d4d,0x4d5a8e10,0x54fd4d50,0x7c422f1d,0x853828b6,0x89fb8a48,0x9aae82c1,0xa9cc4718,0xc0ee0b8a,0xd0e30db0,0xd3c4c4d0,0xdef86cbb,0xf91c7ca3,0xfffe58a2,0xffffffff",,False,0xc0ABBf630BC11aA4A48f2CB6735F22104EeAF3e2,0xf2b2af77d63b186f3b6fb539d5f9edf113e6b658ce2a48c0e489d8a0d5190ef2
0x434c9f0ed54339743f8206b588728b32bd042e2e,8.373213769,2017-08-07 22:31:17+00:00,"0x29b5b30c,0x41c0e1b5,0xe5225381,0xffffffff",,False,0x42dA8a05CB7eD9A43572b5BA1B8F82A0a6E263DC,0x4acb99ac4afa8854345d399b264cbbb15be992856e3870cfbde9b74b03050c5e
0x0855a49200bc0eb7ac0c2e47633dc6a6816285c8,8.3156,2017-08-18 07:50:27+00:00,"0x29b5b30c,0x41c0e1b5,0xe5225381,0xffffffff",,False,0x42dA8a05CB7eD9A43572b5BA1B8F82A0a6E263DC,0x4e0ec5478b38c5cb0e9b7e9f39476dfbc7e0537716e8576df7f8af1936370496
0xa3f98ebe1c91f49fc32e9d99a33561d3f98a47d2,8.300259795,2018-10-07 22:30:31+00:00,"0x06fdde03,0x10d0ffdd,0x18160ddd,0x22609373,0x313ce567,0x3ccfd60b,0x4b750334,0x56d399e8,0x688abbf7,0x6b2f4632,0x70a08231,0x8620410b,0x949e8acd,0x95d89b41,0xa9059cbb,0xe4849b32,0xe9fad8ee,0xf088d547,0xfdb5a03e,0xffffffff",ProofofPutin,True,0xBFb297616fFa0124a288e212d1E6DF5299C9F8d0,0xed7f1da50f8c896c6958b5a26b0111ec996247e6bbebe47846001093d04d06f5
0x119409114e96ce6bea5bde7076418fc152065857,8.27763114,2018-02-22 11:18:16+00:00,"0x0be479e1,0x14614af9,0x17f708fb,0x19f363bc,0x2b55b792,0x2d923501,0x2e1a7d4d,0x4d5a8e10,0x54fd4d50,0x7c422f1d,0x853828b6,0x89fb8a48,0x9aae82c1,0xa9cc4718,0xc0ee0b8a,0xc2fbe7bc,0xd0e30db0,0xd3c4c4d0,0xdef86cbb,0xf91c7ca3,0xfffe58a2,0xffffffff",,False,0xEbeB9b29250F25dc4FB39c8794809978818525Aa,0x6b5fbea346dd1379dbf894c934cce34b8eadbeef83eec01b32403b1d0bd2cca9
0x4149093fe156562114b91cd575c64b2d8f0fc03a,8.23431605,2017-08-07 22:41:51+00:00,"0x29b5b30c,0x41c0e1b5,0xe5225381,0xffffffff",,False,0x42dA8a05CB7eD9A43572b5BA1B8F82A0a6E263DC,0x908ecae2f65e09e540e44674e278d8e7a1477ce172bf92720c43f2b2344d1008
0xd29ed547ca83b5d9ec7332761b2ebf79701275ac,8.206765578,2017-08-07 23:21:26+00:00,"0x29b5b30c,0x41c0e1b5,0xe5225381,0xffffffff",,False,0x42dA8a05CB7eD9A43572b5BA1B8F82A0a6E263DC,0x9dc5d9a72db41a331cc3d87bba7419214317830a09b9e58139a110dec9f2a1b4
0xe1256e128ff226b4c7a09992f8dc390211476716,8.18,2017-08-18 08:03:34+00:00,"0x29b5b30c,0x41c0e1b5,0xe5225381,0xffffffff",,False,0x42dA8a05CB7eD9A43572b5BA1B8F82A0a6E263DC,0xbdbcb2e117b44ca661bda9f5500a249ff7ed5e993887c13f85e26b7874c5f320
0xefd57dec2ba9883307cb13db7aeceed4c5c20ea1,8.17649891,2017-08-07 23:06:53+00:00,"0x29b5b30c,0x41c0e1b5,0xe5225381,0xffffffff",,False,0x42dA8a05CB7eD9A43572b5BA1B8F82A0a6E263DC,0x00b2348cfde761045fafe623541143a0ae7503a25c3099f77d3f97352c4fa2c5
0xe78e837ed2d754d5d4c6e30ff75a9309a98b727a,8.16,2017-08-18 08:11:26+00:00,"0x29b5b30c,0x41c0e1b5,0xe5225381,0xffffffff",,False,0x42dA8a05CB7eD9A43572b5BA1B8F82A0a6E263DC,0xeba3c7765ee3dfe4dca2b156ef986d716fe2309253a5670e2dde7b91a8c6f544
0xfcd89bce2044e080b01530bf2effca4b8f7cc445,8.15546,2017-08-07 23:29:14+00:00,"0x29b5b30c,0x41c0e1b5,0xe5225381,0xffffffff",,False,0x42dA8a05CB7eD9A43572b5BA1B8F82A0a6E263DC,0x1d308eddb34341c200cbcf43a37be9dcbca9c286f49b2f568b04201e2e255d2f
0x209d413c6018e78edd1e669901b98928c431fd9e,8.153601815,2017-08-07 19:50:07+00:00,"0x29b5b30c,0x41c0e1b5,0xe5225381,0xffffffff",,False,0x42dA8a05CB7eD9A43572b5BA1B8F82A0a6E263DC,0x7ec22f6792f14045a721e31e8af338ae310e3b6218bbd0d122f4441071fb7439
0xca946658600454ce3f81908d3825451bd211eb2b,8.1265575,2017-08-08 00:37:32+00:00,"0x29b5b30c,0x41c0e1b5,0xe5225381,0xffffffff",,False,0x42dA8a05CB7eD9A43572b5BA1B8F82A0a6E263DC,0x489fd9441624beabb9ee66dec654c2741f70c558fb0f9d510ad71724a0e497a8
0x4bb75ba1fe3faef6cc126b3857e512bdcd71f4b1,8.1,2017-08-18 08:04:18+00:00,"0x29b5b30c,0x41c0e1b5,0xe5225381,0xffffffff",,False,0x42dA8a05CB7eD9A43572b5BA1B8F82A0a6E263DC,0xe7dc918c6924a9ff359729a12c8404ed591feece3520a0b1c832f95cb414a279
0x34a0dabdc708b5a1aca615d03bc7854e843c1ce4,8.1,2017-08-07 19:27:14+00:00,"0x29b5b30c,0x41c0e1b5,0xe5225381,0xffffffff",,False,0x42dA8a05CB7eD9A43572b5BA1B8F82A0a6E263DC,0x94745f52072cfca223e80d5a1a10191dfb69b039087bd9cd186f4f76a7f653ef
0x4de35bd6b5f58f736c9ff24d1d9c61f217890346,8.08210174,2017-07-25 21:32:39+00:00,"0x29b5b30c,0x41c0e1b5,0xe5225381,0xffffffff",,False,0x42dA8a05CB7eD9A43572b5BA1B8F82A0a6E263DC,0x0d99aad78222c83b4540e1d4c0a4a839d5cddc77e9366415e18c9aa192b9c185
0x58e582ba6be4858e5e38d86af725b3a1b2d5c696,8.05,2018-05-13 08:40:50+00:00,"0x14614af9,0x1642045e,0x17f708fb,0x19f363bc,0x2b55b792,0x2d923501,0x2e1a7d4d,0x390a05a8,0x4d5a8e10,0x54fd4d50,0x5bbf97f2,0x7c422f1d,0x853828b6,0x89fb8a48,0x9aae82c1,0xa9cc4718,0xc0ee0b8a,0xd0e30db0,0xd3c4c4d0,0xdef86cbb,0xe7f4cc8c,0xf251fc8c,0xf91c7ca3,0xfffe58a2,0xffffffff",,False,0x709e6942CF5203123F2640B3d15de98e42b45605,0x846fc2d218c04cb4fda1464cb75a5b1f74882c020112deee1d43c4b09867a576
0x04c823399b17fd0c9f3d48272a456b4c8db2ee15,8.036,2017-08-07 20:25:30+00:00,"0x29b5b30c,0x41c0e1b5,0xe5225381,0xffffffff",,False,0x42dA8a05CB7eD9A43572b5BA1B8F82A0a6E263DC,0x501c37336f9d05b5ce92438a45e88e8fd4276796c43e3a92ae22293b2a03ab85
0xd47dbabf7a9ed351d3eebddb8217cd628c0fb62f,8.03051904,2017-08-07 23:26:40+00:00,"0x29b5b30c,0x41c0e1b5,0xe5225381,0xffffffff",,False,0x42dA8a05CB7eD9A43572b5BA1B8F82A0a6E263DC,0xceb6f0d35129301e0aa8bb624ed9aecd9e6bfaca09a2e9f22e4902549702cfe7
0xdae7d82370928b08f7bce7fc55088a41a6e8559a,8.0,2017-08-07 22:06:06+00:00,"0x29b5b30c,0x41c0e1b5,0xe5225381,0xffffffff",,False,0x42dA8a05CB7eD9A43572b5BA1B8F82A0a6E263DC,0xdc74c20183e1dc45185db79693fca74f4adc9eafbe52be308c1da6de50912461
0x429e434f0de48b2a75b7147105582d61bb4ea8ec,8.0,2015-10-20 13:02:46+00:00,"0x182db370,0x41c0e1b5,0x4b42d208,0x54385526,0x6266b514,0x6a864559,0x7f40458a,0x8435be4b,0x8cae1374,0x93eec1fb,0x959eac47,0xa4741f48,0xa4e2d634,0xa55cab95,0xc7dafc78,0xd39eb301,0xe039e4a1,0xf83d08ba,0xfa93019c",,False,0xcf684DFB8304729355B58315E8019B1aa2AD1Bac,0xb59769779f6b7df3aa75846bf4def2c11328cbbc676f49315ce120adce2cbb61
0x2e914b7bf3de95d258311a2455b8325b6bf37f15,7.995000008,2017-08-18 08:14:13+00:00,"0x29b5b30c,0x41c0e1b5,0xe5225381,0xffffffff",,False,0x42dA8a05CB7eD9A43572b5BA1B8F82A0a6E263DC,0x22423d8cf21c2fc0bfc085ea829ca108f4dc6425af8ae26e7b9c56d568225f5b
0x104e9c6290948730adedb1aca68b93b7b4acdfa4,7.993891608,2017-08-18 08:33:45+00:00,"0x29b5b30c,0x41c0e1b5,0xe5225381,0xffffffff",,False,0x42dA8a05CB7eD9A43572b5BA1B8F82A0a6E263DC,0xcfccc4f8a239c7a66920b23305409305ff19538fd81f43c21486fd250f109f00
0x83951605bb21ef6f37e770c8acd820148f2dc338,7.988,2017-08-19 17:49:48+00:00,"0x29b5b30c,0x41c0e1b5,0xe5225381,0xffffffff",,False,0x42dA8a05CB7eD9A43572b5BA1B8F82A0a6E263DC,0x945c6125725387142a004030d0eab7e7e5bc0e5f5b46a378422fa913c185d424
0xc4626ed0bcdd3abad67997e17c1fb949682d1e38,7.97238,2017-08-18 08:11:26+00:00,"0x29b5b30c,0x41c0e1b5,0xe5225381,0xffffffff",,False,0x42dA8a05CB7eD9A43572b5BA1B8F82A0a6E263DC,0xbfc9a57ad1e499c4896258ca5e17782a502c85cd5268e8d159d1c1feb3820182
0xd6bb4d102ac7061b6fd1e3261c4d9680ce767415,7.9701,2017-08-07 20:01:27+00:00,"0x29b5b30c,0x41c0e1b5,0xe5225381,0xffffffff",,False,0x42dA8a05CB7eD9A43572b5BA1B8F82A0a6E263DC,0x7312b532a96d8c4189699e6f3f6cff04e1a6d3e2a56b6c32610ce1eb95d949a8
0xe33bb0f21ccffa41fa70667d6018c8ca6c84bda7,7.96999,2017-08-07 22:13:48+00:00,"0x29b5b30c,0x41c0e1b5,0xe5225381,0xffffffff",,False,0x42dA8a05CB7eD9A43572b5BA1B8F82A0a6E263DC,0xd4ba1ccd004890fda6484686b5896eae73a51c318310be4ef472fdff9ca3554a
0xb67732ca658b9f7f6c46865865fd990d634c8766,7.956,2017-10-27 12:02:27+00:00,"0x0b97bc86,0x21346edd,0x25d0b4ef,0x2738154e,0x28c32be6,0x29dcb0cf,0x3f4ba83a,0x4a84fa81,0x4bb278f3,0x4e71d92d,0x5001780b,0x544736e6,0x590e1ae3,0x5c975abb,0x6103d70b,0x63bd1d4a,0x66d76bb2,0x785105f6,0x8456cb59,0x85f2aef2,0x8da5cb5b,0x943dfef1,0x9a9a5cdb,0x9e1a4d19,0xaa2de6c3,0xad3bf1f1,0xb2fa1c9e,0xb8435050,0xbf7929a6,0xc1a9953f,0xd125a7e2,0xd1bf942a,0xda28c81a,0xe2982c21,0xe2fdcc17,0xea7f537a,0xec4cd0cf,0xf2fde38b,0xffffffff",Crowdsale,True,0xE03ffD991908e1CD52C9cfE151A2F36B0bD940a5,0x42f4a66e08ba0544530960f4592a0f25a8ceee475f0ec7c1fccfadc7a16e1c3f
0xe7b8afef301fcd6d683de8226f6d98f3bd40bbd3,7.9487,2017-08-18 08:08:45+00:00,"0x29b5b30c,0x41c0e1b5,0xe5225381,0xffffffff",,False,0x42dA8a05CB7eD9A43572b5BA1B8F82A0a6E263DC,0x1b66c1c501eef4f0b98f22be49f975ec886819530b90b994e65d9a01b8a51a60
0x1ed3d2c916cab00631cce4b08a7f880d4badae94,7.926236552,2018-06-25 11:25:44+00:00,"0x016899de,0x045f955b,0x06fdde03,0x095ea7b3,0x0adae972,0x0fc709e5,0x18160ddd,0x19ab453c,0x1fa08755,0x23b872dd,0x27bb020a,0x28b8b108,0x2b2e7159,0x313ce567,0x3a98ef39,0x3ccfd60b,0x41ad3f57,0x463ac31b,0x4c97c836,0x572b130f,0x5996228e,0x5a446215,0x5baef4f3,0x5c5c1285,0x63fd7eb0,0x6827e764,0x6ff73201,0x70a08231,0x76587847,0x7ebd02f8,0x8e7a1697,0x910ab259,0x916a4b57,0x95d89b41,0x975057e7,0x98d714ac,0x9c286837,0xa7f0b3de,0xa9059cbb,0xa9782954,0xaaa363c9,0xb319c6b7,0xb460481d,0xb48fcdc0,0xb688a363,0xb92c404f,0xbddae40e,0xbfb231d2,0xc3ba65e7,0xc60c3aca,0xca1a3086,0xca4b208b,0xcb93f7ef,0xce5e9ffb,0xcfb869bf,0xd018db3e,0xd1a61025,0xd583644b,0xd6a3f374,0xd864e740,0xdba8be6e,0xdd62ed3e,0xde2f827e,0xe2d2e219,0xe7fb74c7,0xeb4eecec,0xefab37bf,0xf0bb7540,0xf67501f7,0xff70fa49,0xffffffff",ChickenHunt,True,0x00272000722b4292Cd331955A2783540FACb8aB8,0xfb45bc3663d5155c572043e00a4be8dff936683ac1a0a46947c0df6bb4c41489
0x8eab4255ed8ab70e42ceea9d124b4645c8cf12ed,7.904,2017-08-07 20:41:56+00:00,"0x29b5b30c,0x41c0e1b5,0xe5225381,0xffffffff",,False,0x42dA8a05CB7eD9A43572b5BA1B8F82A0a6E263DC,0x04a2ff2201b5d1b8b3616ad6f59b527ff4845aebd243703b7763b0f990e02afd
0xda1055389e2861ee53fdb74ac7c4d4a0d4ef41df,7.88637841,2017-08-18 08:17:28+00:00,"0x29b5b30c,0x41c0e1b5,0xe5225381,0xffffffff",,False,0x42dA8a05CB7eD9A43572b5BA1B8F82A0a6E263DC,0x4ffd79c1e2090070cd656cafa53e5a8a84636fd1f7886508d26ba69aa2a06b75
0xd9ff299195157167536f6e68798763f42510a61f,7.82559688,2017-08-07 21:59:09+00:00,"0x29b5b30c,0x41c0e1b5,0xe5225381,0xffffffff",,False,0x42dA8a05CB7eD9A43572b5BA1B8F82A0a6E263DC,0x22bd0a112094dc404df1dec4365cfa07eafe105562e8dd792a9f3a482fdf86ca
0x53f0e6d0a9294202c1db7dd9d74c321a5e66fb1b,7.814843889,2017-08-07 22:31:38+00:00,"0x29b5b30c,0x41c0e1b5,0xe5225381,0xffffffff",,False,0x42dA8a05CB7eD9A43572b5BA1B8F82A0a6E263DC,0x177d99d75e5d751e5dcdcf1a3285de3ae890ee03a6d891bf261a97d080575738
0x869e28c27dd4ea6dc54cdff5df75c95272cf3831,7.814470261,2017-08-07 20:11:42+00:00,"0x29b5b30c,0x41c0e1b5,0xe5225381,0xffffffff",,False,0x42dA8a05CB7eD9A43572b5BA1B8F82A0a6E263DC,0x13481d6be8d38ecce26e71cffacb73d65a1b7f245d09117885745ec0ee498eb6
0xb42c30ae909d80880f7ff1375238b67c2365b3dc,7.795825475,2017-08-07 22:18:11+00:00,"0x29b5b30c,0x41c0e1b5,0xe5225381,0xffffffff",,False,0x42dA8a05CB7eD9A43572b5BA1B8F82A0a6E263DC,0xb2e245f6ed1aeb09f16c59858ba5112d45c65b56af45cb5b3de94619ef674ff2
0x36a97ef8d41ab01854fe25a05959b70d8b8da83d,7.7877,2018-03-20 07:23:02+00:00,"0x14614af9,0x17f708fb,0x19f363bc,0x2b55b792,0x2d923501,0x2e1a7d4d,0x4d5a8e10,0x54fd4d50,0x7c422f1d,0x853828b6,0x89fb8a48,0x9aae82c1,0xa9cc4718,0xc0ee0b8a,0xd0e30db0,0xd3c4c4d0,0xdef86cbb,0xf91c7ca3,0xfffe58a2,0xffffffff",,False,0xc0ABBf630BC11aA4A48f2CB6735F22104EeAF3e2,0x4f1233e6bea90046e93492fedf8bbf76a9ec2897162d1aef3ab7be8707b33eab
0x197328ca2e2b9c5f5dd4d815c495a4d7bc32a433,7.784201812,2017-08-08 00:26:09+00:00,"0x29b5b30c,0x41c0e1b5,0xe5225381,0xffffffff",,False,0x42dA8a05CB7eD9A43572b5BA1B8F82A0a6E263DC,0xf2606b5ecc01ea3f09164de80594e1ea851c28603727ca1e2a95ab13c326883c
0xcf690019ae3a7037aa73965cff4acc19f14d402a,7.7357,2017-08-07 22:49:16+00:00,"0x29b5b30c,0x41c0e1b5,0xe5225381,0xffffffff",,False,0x42dA8a05CB7eD9A43572b5BA1B8F82A0a6E263DC,0x0233734a94cd8ae5adef5b8afa3143a11bb3e54fcbd5801c28e3a2ad31dbae2d
0xa01e73e29fe1db79220a50bb13a8b89def2ea974,7.73106803,2017-08-18 07:39:19+00:00,"0x29b5b30c,0x41c0e1b5,0xe5225381,0xffffffff",,False,0x42dA8a05CB7eD9A43572b5BA1B8F82A0a6E263DC,0x8180ee7504154d27d36643b0a23befadea972d460793795171a91bbef9c01b71
0x8048108e49e511a054e9447241f2257867411f3a,7.6981,2017-08-18 08:39:41+00:00,"0x29b5b30c,0x41c0e1b5,0xe5225381,0xffffffff",,False,0x42dA8a05CB7eD9A43572b5BA1B8F82A0a6E263DC,0x379d066454d34d50aeca6b0a0af327495fe59bc0ac856d96142cd09fb00ba94c
0xabde4932f3a6c6aaa715c63a6a83aa4187be07f0,7.6881,2017-08-18 07:52:02+00:00,"0x29b5b30c,0x41c0e1b5,0xe5225381,0xffffffff",,False,0x42dA8a05CB7eD9A43572b5BA1B8F82A0a6E263DC,0x80fac78ca3e496fd58bf472e7e213d8fc0738430ce0b1a80e0cdcac72230ed63
0x258e41d4416dab5e1faa429f0eff7eecf411c62f,7.68013658,2017-08-07 20:04:50+00:00,"0x29b5b30c,0x41c0e1b5,0xe5225381,0xffffffff",,False,0x42dA8a05CB7eD9A43572b5BA1B8F82A0a6E263DC,0x7a348d10254b0f08d0c5dffe5da3206ceb03d927fb706a88cf34c828081615ce
0xb0cb57d2b68b7025c01f6dab271ff01c88dada88,7.659000008,2017-08-07 21:00:27+00:00,"0x29b5b30c,0x41c0e1b5,0xe5225381,0xffffffff",,False,0x42dA8a05CB7eD9A43572b5BA1B8F82A0a6E263DC,0x353dc80b739e9e0e51d66d3865b1c6e3004bd566851bbefae543495806a0fe5d
0xed745a8d2b52316c164f41b01544d12aedac5e48,7.65,2018-04-28 20:25:19+00:00,"0x14614af9,0x1642045e,0x17f708fb,0x19f363bc,0x2b55b792,0x2d923501,0x2e1a7d4d,0x390a05a8,0x4d5a8e10,0x54fd4d50,0x5bbf97f2,0x7c422f1d,0x853828b6,0x89fb8a48,0x9aae82c1,0xa9cc4718,0xc0ee0b8a,0xd0e30db0,0xd3c4c4d0,0xdef86cbb,0xe7f4cc8c,0xf251fc8c,0xf91c7ca3,0xfffe58a2,0xffffffff",,False,0xeD176ee38D3A130CF7C0F4d3427989E046a04519,0xb99dc353bce0b655c427c43cc15b24db62b3d160d62cde6ceb3961aadf1db0e4
0x007c43e00d2c077267ed78741629698a8aa2bca7,7.642630342,2018-07-08 19:49:13+00:00,"0x12d7e533,0x14614af9,0x17f708fb,0x19f363bc,0x1fb75dbf,0x2b55b792,0x2d923501,0x2e1a7d4d,0x5295dfe6,0x54fd4d50,0x7c422f1d,0x853828b6,0x89fb8a48,0x9aae82c1,0xa9cc4718,0xaa0b7db7,0xc0ee0b8a,0xd3c4c4d0,0xdef86cbb,0xe7f4cc8c,0xf91c7ca3,0xfffe58a2,0xffffffff",,False,0x3DcF3f6306A86cBC9c29A5d0A1BaAeC4871baa3C,0x493f880464c2f02b9fda7ca860b87adf50c2ebb76fd0e4cc4ef0e5776c79a30a
0x58232003b3d18021acfc9213d27d6f8b72f4f029,7.602928221,2018-08-22 04:42:57+00:00,"0x018a25e8,0x06fdde03,0x0dc9ebfe,0x0f15f4c0,0x10f01eba,0x11a09ae7,0x24c33d33,0x2660316e,0x2ce21999,0x2dd78759,0x2e19ebdc,0x349cdcac,0x3b441344,0x3ccfd60b,0x3ddd4698,0x3f03aab4,0x49cc635d,0x5893d481,0x624ae5c0,0x63066434,0x685ffd83,0x747dff42,0x8f38f309,0x8f7140ea,0x921dec21,0x95d89b41,0xa2bccae9,0xabcccdb1,0xc519500e,0xc7e284b8,0xce89c80c,0xcf808000,0xd53b2679,0xd87574e0,0xde7874f3,0xed78cf4a,0xee0b5d8b,0xffffffff",Rich3D,True,0xAbDBBb12Ff87697A3D00F114be1297dc7fEBD907,0x4c6ece0f8301bf4f58a6561dcd8d4aa7fb51ff749a45d37b98109df8848194ce
0xb9c80593a2718b8e2d00d5728f996214cc2cec09,7.588,2017-07-25 22:01:29+00:00,"0x29b5b30c,0x41c0e1b5,0xe5225381,0xffffffff",,False,0x42dA8a05CB7eD9A43572b5BA1B8F82A0a6E263DC,0x9bb1e1d1f8c91628ee52bd7166e130b67390fbf5df0126b5178d0196d2431057
0x8726fdf6468a5057f3962f97f532e2219fdbee2c,7.5792,2017-08-07 22:40:04+00:00,"0x29b5b30c,0x41c0e1b5,0xe5225381,0xffffffff",,False,0x42dA8a05CB7eD9A43572b5BA1B8F82A0a6E263DC,0xda59a1ecd2aff41011981f9488c71febdb2cc77b638a0db3b59e1703798197b5
0x238d64f3adea723d13fb61c4199930875f969c0a,7.526498123,2018-05-23 11:41:30+00:00,"0x14614af9,0x1642045e,0x17f708fb,0x19f363bc,0x2b55b792,0x2d923501,0x2e1a7d4d,0x390a05a8,0x4d5a8e10,0x54fd4d50,0x5bbf97f2,0x7c422f1d,0x853828b6,0x89fb8a48,0x9aae82c1,0xa9cc4718,0xc0ee0b8a,0xd0e30db0,0xd3c4c4d0,0xdef86cbb,0xe7f4cc8c,0xf251fc8c,0xf91c7ca3,0xfffe58a2,0xffffffff",,False,0x709e6942CF5203123F2640B3d15de98e42b45605,0x565a721785a9ce6e47a57f9f688c27a7d9419c27fa8745afcbebd32a594618fa
0x14e3ce7235c44f5ac3b8c09b202dd602ef04d39e,7.52,2017-08-07 20:00:36+00:00,"0x29b5b30c,0x41c0e1b5,0xe5225381,0xffffffff",,False,0x42dA8a05CB7eD9A43572b5BA1B8F82A0a6E263DC,0xa574a3d31a0cb8bff0b9c869645111f9d09f137e3ffb3df1843584c7d1f7483c
0x614b9658db04fe9768c9fbbe39476549c0e87afa,7.5,2017-08-18 08:35:18+00:00,"0x29b5b30c,0x41c0e1b5,0xe5225381,0xffffffff",,False,0x42dA8a05CB7eD9A43572b5BA1B8F82A0a6E263DC,0xf430150e8f0b07480372158a554d19de08c17036dc50d8dab7561b64fbfe1042
0x8a85a6bed521164264ee04e951ac6b6afd0fe9b5,7.5,2017-08-07 20:00:49+00:00,"0x29b5b30c,0x41c0e1b5,0xe5225381,0xffffffff",,False,0x42dA8a05CB7eD9A43572b5BA1B8F82A0a6E263DC,0xec0607b28d0e876325d41c48dc1b2e69f4ceba77eec6e44805f1fb1f0b1406df
0xa7f8ab44c8ccd2d27bda27f0adcbb72521705ef5,7.5,2017-08-07 20:01:27+00:00,"0x29b5b30c,0x41c0e1b5,0xe5225381,0xffffffff",,False,0x42dA8a05CB7eD9A43572b5BA1B8F82A0a6E263DC,0x5f227119a7801248c1bfed0c34c25dc62b87e926f6eb7eba290f1456da94d793
0xa7a4337dd5cef59dea2787097b6f00a5fb419bdf,7.5,2017-08-07 22:39:14+00:00,"0x29b5b30c,0x41c0e1b5,0xe5225381,0xffffffff",,False,0x42dA8a05CB7eD9A43572b5BA1B8F82A0a6E263DC,0x558db0d91553fac657a26c7a2df03dbaf2f73e8a9b4348eabea0c6cf13453070
0xdd3e11bfa6437510258d8b53277313c2add6128f,7.5,2017-08-07 20:00:36+00:00,"0x29b5b30c,0x41c0e1b5,0xe5225381,0xffffffff",,False,0x42dA8a05CB7eD9A43572b5BA1B8F82A0a6E263DC,0x7d4d294790495f756ba1557e1cc8dcf2d2aa553ccc47ecea7188f05886f67f89
0x2baac9330cf9ac479d819195794d79ad0c7616e3,7.5,2017-12-13 18:54:10+00:00,"0x02c3d7f6,0x06fdde03,0x095ea7b3,0x18160ddd,0x23b872dd,0x313ce567,0x4e97bcfc,0x53c3cc1f,0x6a6b8077,0x70a08231,0x8666107c,0x8da5cb5b,0x95d89b41,0x9890220b,0xa9059cbb,0xc040e6b8,0xdd62ed3e,0xf2fde38b,0xffffffff",AdBank,True,0xa1201A92B56CB45860808c1F2fDe9f482cCD2790,0x24fd313f4ce172240b0a9db5d98fdbb903c18705fd53e6ada3aaee9584114130
0x67121d791b1b15156aa796971111e94cc4ba87b8,7.4896,2017-08-18 08:22:36+00:00,"0x29b5b30c,0x41c0e1b5,0xe5225381,0xffffffff",,False,0x42dA8a05CB7eD9A43572b5BA1B8F82A0a6E263DC,0x93e7b35106575d8fc731184e60344de65e19479cb1cc69709c879c3b87a6e32a
0xc5ab4f60516e01a9f835247a60275a1206e802b4,7.4822856,2017-08-08 00:04:17+00:00,"0x29b5b30c,0x41c0e1b5,0xe5225381,0xffffffff",,False,0x42dA8a05CB7eD9A43572b5BA1B8F82A0a6E263DC,0x9b2de79708271273f9d96cba6955143db7957196f6e3d6f9473b75cef105dbf0
0xfa526dba6cf8aa54ef51a25899f23a0a5cc381fa,7.44981552,2017-03-21 02:15:36+00:00,"0x2e1a7d4d,0x38d52e0f,0x4b750334,0x4ca50f59,0x8d92fdf3,0x8da5cb5b,0x976a8435,0x9e281a98,0xa6f2ae3a,0xce5e84a3,0xf2fde38b",TokenTrader,True,0xC4aF56cD5254Aef959D4BcE2F75874007808b701,0xd61698fa3a32d4093ec697817b9e0c9180ae1d8d2ab7f45e2c1f23a84cd220d6
0x139e09ff877f4b9628c9e8af8e307257571a1d1d,7.432307388,2017-08-07 20:25:38+00:00,"0x29b5b30c,0x41c0e1b5,0xe5225381,0xffffffff",,False,0x42dA8a05CB7eD9A43572b5BA1B8F82A0a6E263DC,0x0b7aaba33105fa85c10e1590c4008cbd50584aab1fe7cd33f6f7e7f9b7aec0c8
0x4b3a87d027bfc7fd3226ab221faa85bf81eed49c,7.416008709,2018-02-24 09:37:36+00:00,"0x0be479e1,0x14614af9,0x17f708fb,0x19f363bc,0x2b55b792,0x2d923501,0x2e1a7d4d,0x4d5a8e10,0x54fd4d50,0x7c422f1d,0x853828b6,0x89fb8a48,0x9aae82c1,0xa9cc4718,0xc0ee0b8a,0xc2fbe7bc,0xd0e30db0,0xd3c4c4d0,0xdef86cbb,0xf91c7ca3,0xfffe58a2,0xffffffff",,False,0x5ae39B4645E9398E6eCed9375011A4D063FDEDf6,0xc32de59f250139c4859414f025a14e879827125c623ae6aa506221789acabacb
0x8768551d4dfc099577c6871e424b0d771c7b2328,7.403424166,2018-06-16 05:03:26+00:00,"0x12d7e533,0x14614af9,0x17f708fb,0x19f363bc,0x1fb75dbf,0x2b55b792,0x2d923501,0x2e1a7d4d,0x54fd4d50,0x56e28135,0x7c422f1d,0x853828b6,0x89fb8a48,0x9aae82c1,0xa9cc4718,0xc0ee0b8a,0xd0e30db0,0xd3c4c4d0,0xdef86cbb,0xe7f4cc8c,0xf91c7ca3,0xfffe58a2,0xffffffff",,False,0xD15a48F4105F68eEB116f07f8415039940A3399A,0xc97fbd4b16f29b5872117782079672a938ebc604030d02e3db0a7a89fd8e284d
0x1ed3abb5532140b6e227a76545e807b588348ac8,7.4,2017-08-18 08:11:20+00:00,"0x29b5b30c,0x41c0e1b5,0xe5225381,0xffffffff",,False,0x42dA8a05CB7eD9A43572b5BA1B8F82A0a6E263DC,0x13e39b75392a2cf9199ce874a5fcb9bd3a7b0d7225d99c8b197cf37549be288a
0xcac32e7333427bab97c84e816e9f66c56886f696,7.37968307,2017-08-07 19:52:17+00:00,"0x29b5b30c,0x41c0e1b5,0xe5225381,0xffffffff",,False,0x42dA8a05CB7eD9A43572b5BA1B8F82A0a6E263DC,0xbe947040976e07c4c60906a749a7cae42633e903f4c21fd4e1c1a68593c13f2b
0x24da016c06941ec2c92be28e0a2b2e679f0d1dc7,7.352062184,2018-07-21 18:19:52+00:00,"0x018a25e8,0x06fdde03,0x079ce327,0x0f15f4c0,0x10f01eba,0x11a09ae7,0x24c33d33,0x2660316e,0x2ce21999,0x2e19ebdc,0x349cdcac,0x3ccfd60b,0x3ddd4698,0x49cc635d,0x5893d481,0x624ae5c0,0x63066434,0x685ffd83,0x747dff42,0x82bfc739,0x8f38f309,0x8f7140ea,0x921dec21,0x95d89b41,0x98a0871d,0xa2bccae9,0xa65b37a1,0xc519500e,0xc7e284b8,0xce89c80c,0xcf808000,0xd53b2679,0xd87574e0,0xde7874f3,0xed78cf4a,0xee0b5d8b,0xffffffff",FoMo3DLightning,True,0x7e474fe5Cfb720804860215f407111183cbc2f85,0x4ad76b1e0f5e918220b064e74ee2ddd96f1aeda77670bf7abd6e3a2564213be5
0xc9f43ac7d4a817dd2e2c7fddda16a11fdec20e4e,7.326387146,2017-08-07 19:53:09+00:00,"0x29b5b30c,0x41c0e1b5,0xe5225381,0xffffffff",,False,0x42dA8a05CB7eD9A43572b5BA1B8F82A0a6E263DC,0x7e3373dbaebf013663fbbf2494e9ea94c9dceb538d895b325adc1bbb3ef52966
0x69a00c15505417b5452af30693dd6b94c8996c4b,7.312817208,2017-08-07 23:23:43+00:00,"0x29b5b30c,0x41c0e1b5,0xe5225381,0xffffffff",,False,0x42dA8a05CB7eD9A43572b5BA1B8F82A0a6E263DC,0x1fcd70c21cc9b7f024f5d1b0ce7a9d641104f2083dff0a3a16141736e8fb1806
0xa9b9805d0fed371cec8fb8a8f2300f279c47ba53,7.25135108,2018-08-04 11:01:47+00:00,"0x018a25e8,0x06fdde03,0x079ce327,0x0f15f4c0,0x10f01eba,0x11a09ae7,0x24c33d33,0x2660316e,0x2ce21999,0x2e19ebdc,0x349cdcac,0x3ccfd60b,0x3ddd4698,0x49cc635d,0x5893d481,0x624ae5c0,0x63066434,0x633891c4,0x685ffd83,0x747dff42,0x82bfc739,0x8f38f309,0x8f7140ea,0x921dec21,0x95d89b41,0x98a0871d,0xa2bccae9,0xa65b37a1,0xc519500e,0xc7e284b8,0xce89c80c,0xcf808000,0xd53b2679,0xd87574e0,0xde7874f3,0xed78cf4a,0xee0b5d8b,0xffffffff",F4Kings,True,0x112a6fc6a5E593cD9b90e3b0540A74814329aEbd,0xe62d1113b2ecf3767ed774b48b6a6713f18256f667ab7cf93bbb731eea8962ad
0xd6d8e4dfa0dfce0e821772624ff1148a8dd2f1dc,7.244998491,2018-04-02 15:38:50+00:00,"0x14614af9,0x17f708fb,0x19f363bc,0x2b55b792,0x2d923501,0x2e1a7d4d,0x4d5a8e10,0x54fd4d50,0x7c422f1d,0x853828b6,0x89fb8a48,0x9aae82c1,0xa9cc4718,0xc0ee0b8a,0xd0e30db0,0xd3c4c4d0,0xdef86cbb,0xf91c7ca3,0xfffe58a2,0xffffffff",,False,0xc0ABBf630BC11aA4A48f2CB6735F22104EeAF3e2,0xe2e35ca092937c408364950b6e654c4b77cd3d3955666d18dec8a279e51bdb03
0x36c6766856e58c5ff081499d56267e7376ba0a41,7.240125,2017-08-18 08:55:25+00:00,"0x29b5b30c,0x41c0e1b5,0xe5225381,0xffffffff",,False,0x42dA8a05CB7eD9A43572b5BA1B8F82A0a6E263DC,0x9d841766bcc01c6786ffac1e65cfdc08079c6c6e7dfb350b19a34d89a0a12500
0xe406b1d6ce772a7891dda6a9ce4d041478655ca2,7.23608,2017-08-07 21:03:53+00:00,"0x29b5b30c,0x41c0e1b5,0xe5225381,0xffffffff",,False,0x42dA8a05CB7eD9A43572b5BA1B8F82A0a6E263DC,0xf7c31da23cf5c04033597088a78324a96a09a3ddf23523c7df45266425fdf198
0x820dfa17d30f938dc2c172b716630a06ec759d99,7.204273485,2018-07-22 12:39:49+00:00,"0x018a25e8,0x06fdde03,0x079ce327,0x0f15f4c0,0x10f01eba,0x11a09ae7,0x24c33d33,0x2660316e,0x2ce21999,0x2e19ebdc,0x349cdcac,0x3ccfd60b,0x3ddd4698,0x49cc635d,0x5893d481,0x624ae5c0,0x63066434,0x685ffd83,0x747dff42,0x82bfc739,0x8f38f309,0x8f7140ea,0x921dec21,0x95d89b41,0x98a0871d,0xa2bccae9,0xa65b37a1,0xc519500e,0xc7e284b8,0xce89c80c,0xcf808000,0xd53b2679,0xd87574e0,0xde7874f3,0xed78cf4a,0xee0b5d8b,0xffffffff",FullFOMO,True,0x4f574642be8C00BD916803c4BC1EC1FC05efa5cF,0x05301a0d1eb5bb786bad0e515845f4c21c61157c879bb518c01a436c84a9294a
0xd1e9a60f8e67ab7ea7a28f8b383fda4fc44816d4,7.2,2017-07-25 21:07:46+00:00,"0x29b5b30c,0x41c0e1b5,0xe5225381,0xffffffff",,False,0x42dA8a05CB7eD9A43572b5BA1B8F82A0a6E263DC,0x15075899e66574219aaf1a66125caedec4db5e8deed3bd9fcf07c15903251b57
0xdd51738746ff684694ce08f4f02477ddfb446fc5,7.18958454,2017-08-07 19:35:49+00:00,"0x29b5b30c,0x41c0e1b5,0xe5225381,0xffffffff",,False,0x42dA8a05CB7eD9A43572b5BA1B8F82A0a6E263DC,0x0f574dba1729f8d0646e96e6c448c8500443de379890d9ac4c4504f7a02fd3de
0xda6a9f2ef6c7173db919babffea5d9cedc057e0b,7.175175,2017-02-12 15:37:40+00:00,"0x2e1a7d4d,0x38d52e0f,0x4b750334,0x4ca50f59,0x8d92fdf3,0x8da5cb5b,0x976a8435,0x9e281a98,0xa6f2ae3a,0xce5e84a3,0xf2fde38b",TokenTrader,True,0xC4aF56cD5254Aef959D4BcE2F75874007808b701,0x691a8eeae6d5bded945eca232e40b9206cf52b06e685a963795f38de6827ce47
0x0c4cfb179f0094819a1f89f18443504a67cac7db,7.160000008,2017-08-07 22:41:51+00:00,"0x29b5b30c,0x41c0e1b5,0xe5225381,0xffffffff",,False,0x42dA8a05CB7eD9A43572b5BA1B8F82A0a6E263DC,0x1c1319f61adc47d18939ebcfae62eaa3f0d325638a24403e18f8dc144a5c1ca2
0x67b084e4654e1d62afa9694b6a626cec5c9ff2bd,7.140143989,2018-07-31 21:55:30+00:00,"0x039aa4dc,0x041839b4,0x0bd552a7,0x21fb3a93,0x262a09dd,0x2e1a7d4d,0x338b5dea,0x41b2eb4a,0x49a86c9e,0x4ce56e26,0x5626c1e6,0x5f37e13b,0x6806368b,0x7be2b433,0x7d56dd56,0x81453c8e,0x821648f4,0x8630504e,0x8da5cb5b,0x9deb3057,0x9e281a98,0x9f7b7b1c,0xa6ce39ea,0xad75bd9b,0xaf51a2a2,0xb4980620,0xc23f001f,0xc2719270,0xc5a1d7f0,0xd0e30db0,0xd4859e7e,0xd55a7bb6,0xe82e6b3e,0xeccea17e,0xeedb833e,0xf2fde38b,0xf3da8ba2,0xf7888aec,0xf9bdcadf,0xfa6f592e,0xffffffff",,False,0xA7112Ad3425Ff688fBFA3484E6B9c29f654818dD,0x3a37289e036defff6460bc57d55a862d57a424feeb069f469ec3b7c31ed61a21
0x6eeeb4dbeb133a48fa3fbf8a674d6d9e4f87f3bc,7.13917668,2017-07-25 22:16:00+00:00,"0x29b5b30c,0x41c0e1b5,0xe5225381,0xffffffff",,False,0x42dA8a05CB7eD9A43572b5BA1B8F82A0a6E263DC,0xd5fbc1d16ae44d447c103ef3b31a126bc2c5acd8c8f1a939b95aaadc9a009f3c
0xded7912360cd8b9da23810f0735467c206163f69,7.1271555,2017-08-07 19:23:09+00:00,"0x29b5b30c,0x41c0e1b5,0xe5225381,0xffffffff",,False,0x42dA8a05CB7eD9A43572b5BA1B8F82A0a6E263DC,0x1a052099e79593760f54272492a4b411cb2e8e32875ab56c1d815243058b481f
0x0fc53f7c2659a708f46d0c4336eb8c1e0f551307,7.125503468,2018-08-14 03:51:51+00:00,"0x018a25e8,0x06fdde03,0x079ce327,0x0f15f4c0,0x10f01eba,0x11a09ae7,0x24c33d33,0x2660316e,0x2ce21999,0x2e19ebdc,0x349cdcac,0x3ccfd60b,0x3ddd4698,0x49cc635d,0x5893d481,0x624ae5c0,0x63066434,0x685ffd83,0x747dff42,0x82bfc739,0x8f38f309,0x8f7140ea,0x921dec21,0x95d89b41,0x98a0871d,0xa2bccae9,0xa65b37a1,0xc519500e,0xc7e284b8,0xce89c80c,0xcf808000,0xd53b2679,0xd87574e0,0xde7874f3,0xed78cf4a,0xee0b5d8b,0xffffffff",,False,0xe661aC083165E49c100D66067C77BF19e05078D0,0x84dfaf5e3c9547cb1f3cecc6f3396be9a3f11d6a985babe63b296b3d5e9a23ec
0x7400a765bea6e0044e8f0040dc52786585e79f1a,7.12,2018-04-28 23:21:38+00:00,"0x120aa877,0x12287629,0x13af4035,0x15706fdf,0x16ada547,0x18160ddd,0x1db580fa,0x379607f5,0x389ae4d1,0x3904e1bf,0x58dfb058,0x5ca81139,0x62a5af3b,0x670d14b2,0x6e8ac0c8,0x78e97925,0x7a9e5e4b,0x7d34f5ac,0x863524b1,0x8da5cb5b,0x96c266ca,0xa6f2ae3a,0xb4256888,0xb74e452b,0xbae5e693,0xbf7e214f,0xc4d66de8,0xce8b7be4,0xcfae52e1,0xd1058e59,0xd90c1759,0xdf19b71c,0xe0cb3aa0,0xe5225381,0xe9f6bd0b,0xf2c298be,0xf3604e54,0xf96512cc,0xfb064161,0xffffffff",LNCHSale,True,0xbFA3B3F815A520773484C898B60049DADD76c454,0x948b716be9609e578438a421681ae6f778d136830c2012702836d8e4f519b8b1
0xa9db4d884a5904b5735aa8438f6acafb0554731f,7.113283288,2017-08-07 19:40:31+00:00,"0x29b5b30c,0x41c0e1b5,0xe5225381,0xffffffff",,False,0x42dA8a05CB7eD9A43572b5BA1B8F82A0a6E263DC,0x6bc81224b5d421eeb1b75a3fd35b7ed21b0a2a3f5ff1353ec753f68be0f75531
0xdc920f7a8331310411c861c34aa25284826261d3,7.11227884,2017-08-07 20:38:18+00:00,"0x29b5b30c,0x41c0e1b5,0xe5225381,0xffffffff",,False,0x42dA8a05CB7eD9A43572b5BA1B8F82A0a6E263DC,0x92fe78b19cccc1a5dc662cf32789852e9ac3697287433831d4afe83967808c51
0xac62e0772e6e4257cf9b06dc5ed004de8d974b97,7.060234837,2017-08-07 18:59:00+00:00,"0x29b5b30c,0x41c0e1b5,0xe5225381,0xffffffff",,False,0x42dA8a05CB7eD9A43572b5BA1B8F82A0a6E263DC,0xa315dd3b9c79e76d268327b0c06e210111d1b527427fc6f661b055d3a764822b
0x9eea7965ee59c304f81d602ae1d9a3d624429d9d,7.04707587,2018-06-05 18:20:02+00:00,"0x01ffc9a7,0x02550e4d,0x02e0a2ff,0x0519ce79,0x06fdde03,0x095ea7b3,0x0a0f8168,0x0de0b1bc,0x0e0bc104,0x0e583df0,0x14001f4c,0x18160ddd,0x1940a936,0x19c2f201,0x21717ebf,0x23b872dd,0x24e7a38a,0x27d7874c,0x2a332b2a,0x2ba73c15,0x3369c33d,0x33fa59f0,0x3ccfd60b,0x3d7d3f5a,0x3f4ba83a,0x46116e6f,0x4ad8c938,0x4b85fd55,0x4d42fc66,0x4dfff04f,0x4e0a3379,0x5663896e,0x5c975abb,0x6352211e,0x680eba27,0x6af04a57,0x6bee2cc3,0x6fbde40d,0x70a08231,0x71587988,0x7a7d4937,0x7b422184,0x7c62e2a4,0x8456cb59,0x95d89b41,0x9d6fac6f,0xa5ef0dd6,0xa9059cbb,0xab0a9865,0xad25ce57,0xb047fb50,0xb0c35c05,0xba13a572,0xc05b7cf6,0xc41a360a,0xcaa14e36,0xd3e6f49f,0xd83970a1,0xdff00e92,0xe015d863,0xe6cbe351,0xeb8222eb,0xed60ade6,0xee4ae2c9,0xf1ca9410,0xf2b47d52,0xf7d8c883,0xffffffff",DogCore,True,0x1038d6600cD3077Bb94747A598f0D1d5c0A20eE4,0xa7c69896e17e2fc5432d51e035201744a8dc79a1a4d0a43b8f077c7e19f3453b
0xf5ad74c2a4deeeffd1e5e27d1221a4ca33214277,7.032628676,2018-08-14 03:00:21+00:00,"0x018a25e8,0x06fdde03,0x0f15f4c0,0x10f01eba,0x11a09ae7,0x1bf678cf,0x24c33d33,0x2660316e,0x2ce21999,0x2e19ebdc,0x349cdcac,0x3ccfd60b,0x3ddd4698,0x3f03aab4,0x49cc635d,0x5893d481,0x624ae5c0,0x63066434,0x63c194f1,0x685ffd83,0x747dff42,0x8f38f309,0x8f7140ea,0x921dec21,0x95d89b41,0x9ae5dc91,0xa2bccae9,0xa9059cbb,0xc519500e,0xc7e284b8,0xce89c80c,0xcf808000,0xd53b2679,0xd87574e0,0xde7874f3,0xed78cf4a,0xee0b5d8b,0xffffffff",,False,0x122C11dbEf0ce434D6896eA132B398Da9629f318,0x2b03d4f6a7fbad15e61266a6b852dc9429ff10d6dc344a16ed92cdf342cf51de
0x1d42a7bc62c4b377105e0de6707a77fcfc71957f,7.025436654,2018-11-12 03:38:10+00:00,"0x07cdee49,0x0d74da20,0x0f3b4440,0x11e471a4,0x129a5b2f,0x13212b8e,0x1ec32d15,0x1ed20347,0x27d7874c,0x28831187,0x2ba73c15,0x2ed42bf7,0x30e00596,0x3bb029b0,0x3c10dab8,0x3cacd7d6,0x3ccfd60b,0x42e3852c,0x49e7cd40,0x4e0a3379,0x55a373d6,0x5b06585b,0x5c975abb,0x605817cc,0x6d94d0e0,0x8adf9c1f,0x8e9d135e,0x908921fc,0x90d976e2,0x9c907af4,0x9ede20db,0xa5499d76,0xa565efff,0xb0b62f5a,0xb3cb350e,0xbff1f9e1,0xcb649bb9,0xd8c444c9,0xd96a094a,0xeddf7570,0xf3a11b35,0xf73ec6bd,0xffffffff",,False,0xb228EbDC750DAA1Ac7CDB555E4d8F3AD038B99B2,0x51e46a8cd21ed1f0f8c67c6edcb318942c3868de38e1c56151fb307b6b513872
0xa6c76f50e40294bc6f044cfce688832ae8dbbc19,7.018843405,2017-08-07 19:15:56+00:00,"0x29b5b30c,0x41c0e1b5,0xe5225381,0xffffffff",,False,0x42dA8a05CB7eD9A43572b5BA1B8F82A0a6E263DC,0xae8d74d4ba628ae068989ba30de5fa98cfa0f0ea9b2c19612d4417480a526aba
0xe5ab7ad686c06d771efcdd1df2d47606fa3d7bce,7.015577861,2017-08-07 19:42:36+00:00,"0x29b5b30c,0x41c0e1b5,0xe5225381,0xffffffff",,False,0x42dA8a05CB7eD9A43572b5BA1B8F82A0a6E263DC,0x3ff3db2477005c3cf5a9a2d78f560e5d3a0bdfc8d33ee750f105d345fcb2556b
0x3cb7730fa7240316bd61fdf244445bf35126e286,7.01,2017-08-18 08:28:26+00:00,"0x29b5b30c,0x41c0e1b5,0xe5225381,0xffffffff",,False,0x42dA8a05CB7eD9A43572b5BA1B8F82A0a6E263DC,0xd2fbc716cd007dcf56a524c9f0e7bd5b82ab50fb7b480ce00eb6e75705e8afab
0x4d2c5308f1d9b42bdc398d215713bbc9e0738a0a,7.002423697,2018-07-27 20:47:48+00:00,"0x018a25e8,0x06fdde03,0x079ce327,0x0e07ef81,0x0f15f4c0,0x10f01eba,0x180603eb,0x24c33d33,0x2660316e,0x27d87924,0x2ce21999,0x2e19ebdc,0x349cdcac,0x3ccfd60b,0x5893d481,0x624ae5c0,0x63066434,0x747dff42,0x82bfc739,0x82e37b2c,0x8f38f309,0x95d89b41,0x98a0871d,0xa2bccae9,0xa2e7223e,0xa65b37a1,0xc519500e,0xc7e284b8,0xce89c80c,0xcf808000,0xd53b2679,0xde7874f3,0xe3c08adf,0xee0b5d8b,0xf32306d2,0xffffffff",Star3Dlong,True,0x27D78bFb67874c7ac6aD3C70F99F03B35fc20c3b,0xb8d409d890f91c060a1634744f7c944751df0cf4e2d5cbed8a0ac36dcfa0a71a
0x0d9a725d73b7c4e0efbd54ea084b90573a208395,7.0,2017-07-25 22:20:01+00:00,"0x29b5b30c,0x41c0e1b5,0xe5225381,0xffffffff",,False,0x42dA8a05CB7eD9A43572b5BA1B8F82A0a6E263DC,0xff5269c0d0eaafe84e962f6e1fb85a0492f9a530ae898e274826f5ab9c0d8fc5
0xf4ae8d36b450928e98f98c2c4a532a2dabee7e7b,6.995,2017-08-08 00:42:30+00:00,"0x29b5b30c,0x41c0e1b5,0xe5225381,0xffffffff",,False,0x42dA8a05CB7eD9A43572b5BA1B8F82A0a6E263DC,0xd8d09f18cc297a39a48deec5c869cccfc5de239da6a0618b0dbeb6c1cd6297e6
0xf3290eff985ca53d4335af2c3146c5699849a9f2,6.995,2017-07-25 22:11:04+00:00,"0x29b5b30c,0x41c0e1b5,0xe5225381,0xffffffff",,False,0x42dA8a05CB7eD9A43572b5BA1B8F82A0a6E263DC,0x71b57375e1d75772b907612dc857a2467f085f59661b52c595f68b33b780998c
0xb568e53ac9a5220b2440a0a47fa31d56a2540df4,6.985,2017-07-25 21:57:16+00:00,"0x29b5b30c,0x41c0e1b5,0xe5225381,0xffffffff",,False,0x42dA8a05CB7eD9A43572b5BA1B8F82A0a6E263DC,0x68d5710d8e36ecd2ca6ff6c88abab6791b9cc3cf6c387489b5a32456c51cec70
0xd0955bd45d5eef5bedce84a3471c825288a14b01,6.98401303,2018-08-16 12:05:39+00:00,"0x06fdde03,0x095ea7b3,0x18160ddd,0x23b872dd,0x30cc248e,0x313b7b19,0x313ce567,0x3ccfd60b,0x6b31ee01,0x70a08231,0x7e95385c,0x8da5cb5b,0x9106d7ba,0x95d89b41,0x9b8d3064,0xa035b1fe,0xa9059cbb,0xc600e1dc,0xd96a094a,0xdd62ed3e,0xffffffff",RTB1,True,0xe67E6E677D272A087A3828209e21fE62FE8d4881,0x71be0953c38221aa65b5b8ef06ffe00f31d6d3eebe185725148c3c4d7233564a
0x2854807ffef1c7b0311355f55b692f5e74d2d6ce,6.977176585,2017-08-07 20:24:20+00:00,"0x29b5b30c,0x41c0e1b5,0xe5225381,0xffffffff",,False,0x42dA8a05CB7eD9A43572b5BA1B8F82A0a6E263DC,0xd6baa7e910cdc4b4d552b9b7edb1edf1db87cc78472ddc19f4cb42565a04e983
0x95dd947344be5d8a8216ff43c15708c194c842f6,6.973903324,2017-08-07 19:38:19+00:00,"0x29b5b30c,0x41c0e1b5,0xe5225381,0xffffffff",,False,0x42dA8a05CB7eD9A43572b5BA1B8F82A0a6E263DC,0xca18d36853b792224abe080d26d5e2576db84830a5bedc247c8deb41ecd03708
0xefced04cbf91af841643f2c931952332da6a2666,6.9688,2017-08-07 20:29:23+00:00,"0x29b5b30c,0x41c0e1b5,0xe5225381,0xffffffff",,False,0x42dA8a05CB7eD9A43572b5BA1B8F82A0a6E263DC,0x3a408b2426205dda967a8cecec9c30b939dd755b6fd2852049aadb3e99ebf85c
0x809554651c26de1dad11b9121a7eefc1fed34496,6.95,2017-08-18 08:13:06+00:00,"0x29b5b30c,0x41c0e1b5,0xe5225381,0xffffffff",,False,0x42dA8a05CB7eD9A43572b5BA1B8F82A0a6E263DC,0xdfa22d8be70264b34d434b66015f01e9d187040cfce6d9184d197391359b2a13
0x2433d86841eae4d2c3433c53a682a999c97dfc93,6.938163798,2017-08-07 19:29:51+00:00,"0x29b5b30c,0x41c0e1b5,0xe5225381,0xffffffff",,False,0x42dA8a05CB7eD9A43572b5BA1B8F82A0a6E263DC,0x3b6a43e07df31bdbb075fbd4bdf40dafbf57e7b13b846a79986a2607467d0056
0xa7bd4bf561a59dcaa3a796b2247b32c17c510534,6.922261068,2017-07-25 21:11:55+00:00,"0x29b5b30c,0x41c0e1b5,0xe5225381,0xffffffff",,False,0x42dA8a05CB7eD9A43572b5BA1B8F82A0a6E263DC,0x425cfaffdfdf993f79f2779aea921c3b8e683473349cfbaca72bb2388de94760
0xc5138d4bd0ec5c51b6b6bdfcb8528ad9c333af97,6.916334496,2018-09-16 06:53:23+00:00,"0x0a19b14a,0x0b927666,0x19774d43,0x278b8c0e,0x2e1a7d4d,0x338b5dea,0x46be96c3,0x508493bc,0x54d03b5c,0x57786394,0x5e1d7ae4,0x65e17c9d,0x6c86888b,0x71ffcb16,0x731c2f81,0x8823a9c0,0x8f283970,0x9e281a98,0xbb5f4629,0xc281309e,0xd0e30db0,0xe8f6bc2e,0xf3412942,0xf7888aec,0xf851a440,0xfb6e155f,0xffffffff",,False,0xdfD4b388467301EB592e41A5A2b9C3A9EB009B1f,0x102461a330cacaec5e2af8e094049a2b8fb7bdb1685013558559a60cd437dbe5
0xc3ad35d351b33783f27777e2ee1a4b6f96e4ee34,6.907337005,2019-02-07 17:54:40+00:00,"0x06fdde03,0x0f34dc16,0x10d0ffdd,0x18160ddd,0x22609373,0x313ce567,0x3b545d2f,0x3ccfd60b,0x4000aea0,0x4071f89b,0x4b750334,0x56d399e8,0x688abbf7,0x6b2f4632,0x70a08231,0x76be1585,0x8620410b,0x91a266ac,0x949e8acd,0x95d89b41,0xa9059cbb,0xb743f7b6,0xcbe0a1aa,0xe4849b32,0xe9fad8ee,0xf088d547,0xfdb5a03e,0xffffffff",E25_Booster,True,0xac240f492e0D1c41f66D3EBfa16E943aB371A6B8,0xeac35dd53f3da85cb9677857288fd1e2594e051721b7e6a418e296973c4f8147
0x734524476290c05b6465bb51f5d2154753181f62,6.9004,2017-08-18 07:48:54+00:00,"0x29b5b30c,0x41c0e1b5,0xe5225381,0xffffffff",,False,0x42dA8a05CB7eD9A43572b5BA1B8F82A0a6E263DC,0x13b9b2f723eb2655f1e97c3a2f858e40d13acec9c12c8b74369e7b07639ae2c2
0x0a22ff6e84e5a73103920d71e36b3294b785a853,6.89316174,2018-07-17 19:56:07+00:00,"0x12d7e533,0x14614af9,0x17f708fb,0x19f363bc,0x1fb75dbf,0x2b55b792,0x2d923501,0x2e1a7d4d,0x5295dfe6,0x54fd4d50,0x7c422f1d,0x853828b6,0x89fb8a48,0x9aae82c1,0xa9cc4718,0xaa0b7db7,0xc0ee0b8a,0xd3c4c4d0,0xdef86cbb,0xe7f4cc8c,0xf91c7ca3,0xfffe58a2,0xffffffff",,False,0x3DcF3f6306A86cBC9c29A5d0A1BaAeC4871baa3C,0xe7397e05fa2c96739473e5f51e8ceb5e14c470f41f8f8c4ef1d90fe49ebe0d98
0xc957171d0edaa10a3ecc76c18c326abc6f16b1e8,6.8912,2017-07-25 22:12:24+00:00,"0x29b5b30c,0x41c0e1b5,0xe5225381,0xffffffff",,False,0x42dA8a05CB7eD9A43572b5BA1B8F82A0a6E263DC,0x5ff0f04c38175999e5458b7c3332f0aaf99b5def32adf9112274d80c12d75abb
0x9fcf6f74f8ab9094a07c39afa22d8c644373d74a,6.89,2018-01-31 22:34:16+00:00,"0x0be479e1,0x14614af9,0x17f708fb,0x19f363bc,0x2b55b792,0x2d923501,0x2e1a7d4d,0x4d5a8e10,0x54fd4d50,0x7ae20c59,0x7c422f1d,0x853828b6,0x89fb8a48,0x9aae82c1,0xa9cc4718,0xc0ee0b8a,0xc2fbe7bc,0xd0e30db0,0xd3c4c4d0,0xdef86cbb,0xf91c7ca3,0xfffe58a2,0xffffffff",,False,0x6F740BbC95dF00AB6249e680aaE9434E0C3b7f7C,0x96abf5f84b0f3459fd1961464bdbc58cd7336fb7582a2b2c686b0658a6ddbf89
0xb92133cb7add8d90dd95b15ba8bd247188910047,6.88367825,2017-07-25 21:44:44+00:00,"0x29b5b30c,0x41c0e1b5,0xe5225381,0xffffffff",,False,0x42dA8a05CB7eD9A43572b5BA1B8F82A0a6E263DC,0x97ab12174996ada0368b5adcda92730877d28637c87bb61893956edf9bbeb256
0x0b0665a694f1c27e993e0bdcce6a0922e3eda0a4,6.8322,2017-08-07 22:25:42+00:00,"0x29b5b30c,0x41c0e1b5,0xe5225381,0xffffffff",,False,0x42dA8a05CB7eD9A43572b5BA1B8F82A0a6E263DC,0x0b9e5fbcdd2c54ebe0f3b0df6702193485903161f64a05e1af033587b6757ff4
0x3e529c7bbcb2e2728ad3025862b29a23957ec331,6.817041864,2017-08-07 19:14:32+00:00,"0x29b5b30c,0x41c0e1b5,0xe5225381,0xffffffff",,False,0x42dA8a05CB7eD9A43572b5BA1B8F82A0a6E263DC,0xa816b70baf44db3407644276349926a74cc1c8fdff848954691ae73d258886e4
0xc9cf505178be8f5fad74c13efb34471862179ac5,6.811969,2017-08-18 07:41:12+00:00,"0x29b5b30c,0x41c0e1b5,0xe5225381,0xffffffff",,False,0x42dA8a05CB7eD9A43572b5BA1B8F82A0a6E263DC,0x20984bd2d5fcf2d611ada4bf23f0de40368db04a2c9140b29aca5753fec7fbf6
0x2fd30c867ab626f01ad79a929ce22fc2e3be63a3,6.810977531,2017-08-07 23:33:18+00:00,"0x29b5b30c,0x41c0e1b5,0xe5225381,0xffffffff",,False,0x42dA8a05CB7eD9A43572b5BA1B8F82A0a6E263DC,0xac1056434e9e857cb86eebc89346474ae670c522c62ec2a0dfed87b994a0d706
0xffb1f125a76cb47f583c4aed0f846a8a1ee1e2f4,6.8,2017-08-07 20:04:21+00:00,"0x29b5b30c,0x41c0e1b5,0xe5225381,0xffffffff",,False,0x42dA8a05CB7eD9A43572b5BA1B8F82A0a6E263DC,0x6e5107299c1cc87257924db6fce6e31ea1edcce5b5c5006791b63b049f2a8d81
0x61fca73715b00dda5501507d154c33289090dfd7,6.7921322,2017-07-25 22:20:01+00:00,"0x29b5b30c,0x41c0e1b5,0xe5225381,0xffffffff",,False,0x42dA8a05CB7eD9A43572b5BA1B8F82A0a6E263DC,0xee4e3a657706e2254815080db49e10fa56c5a0a31d0aa60669a6171a2e06db46
0x743c0062bb718269ec4530a587c9f228ea83b7ce,6.780782,2017-08-18 07:41:12+00:00,"0x29b5b30c,0x41c0e1b5,0xe5225381,0xffffffff",,False,0x42dA8a05CB7eD9A43572b5BA1B8F82A0a6E263DC,0x3b4de0415302dbdc1d6fa9c3989109689e87d66571191b96c37c033364fc1758
0x79fcc58c904afbb14c772f48e6d058fa744d113a,6.771368293,2017-08-07 20:44:57+00:00,"0x29b5b30c,0x41c0e1b5,0xe5225381,0xffffffff",,False,0x42dA8a05CB7eD9A43572b5BA1B8F82A0a6E263DC,0xdf4e1b8d4c6e403023a20b79ff5993f198295a8573cce063f95d77549d0fa7fe
0xdb461b256d878c77f1083b8adc2ae39e64bc37d8,6.75,2018-02-11 05:25:00+00:00,"0x0be479e1,0x14614af9,0x17f708fb,0x19f363bc,0x2b55b792,0x2d923501,0x2e1a7d4d,0x4d5a8e10,0x54fd4d50,0x7c422f1d,0x853828b6,0x89fb8a48,0x9aae82c1,0xa9cc4718,0xc0ee0b8a,0xc2fbe7bc,0xd0e30db0,0xd3c4c4d0,0xdef86cbb,0xf91c7ca3,0xfffe58a2,0xffffffff",,False,0xEbeB9b29250F25dc4FB39c8794809978818525Aa,0x1ea447110c39af9f5c5cbbeb72bf5a02266722d24fa91adaff52ebade9045709
0xa468cd62731ad867fb1401587468c199720f4403,6.73709338,2017-08-07 20:06:54+00:00,"0x29b5b30c,0x41c0e1b5,0xe5225381,0xffffffff",,False,0x42dA8a05CB7eD9A43572b5BA1B8F82A0a6E263DC,0xa5b54f80c5258b0d412dd054f4b727cab2799a8ce7e66ef964e47bea8ca5919c
0x588ae917c3af3f93aeeec94cc7aa15efa8894a78,6.686000664,2017-08-07 22:57:10+00:00,"0x29b5b30c,0x41c0e1b5,0xe5225381,0xffffffff",,False,0x42dA8a05CB7eD9A43572b5BA1B8F82A0a6E263DC,0x85de55fd2edacbfaf746ea584d0ef9b31431b6fa547fb93a54f6e8f87824f88e
0x9851c07d0c178cde73abe05e37f81ba8bd41f3a4,6.644035738,2017-08-07 20:25:30+00:00,"0x29b5b30c,0x41c0e1b5,0xe5225381,0xffffffff",,False,0x42dA8a05CB7eD9A43572b5BA1B8F82A0a6E263DC,0xe867fcc0b0bcf700e5b19b1b51a94a57e53e14bb6869ad4a36591b197c13177e
0x5dc18b6cbe4a13d3aafdcac2f2cf202218d97b90,6.6348,2019-03-22 08:23:16+00:00,"0x0185f409,0x18248f2a,0x21774a3f,0x22be4e68,0x268c01cf,0x29a3f34d,0x2ae2b643,0x2e1a7d4d,0x310fac01,0x3110235a,0x338b5dea,0x3a740a63,0x3d103b97,0x40efb4cb,0x44d14d0d,0x45a568fa,0x508493bc,0x51deff2b,0x54236d5a,0x5653c65b,0x5bd7ebc5,0x5d9cfc33,0x628e9bb4,0x63fd9e38,0x67679360,0x6a41141e,0x717a24ba,0x7a2d2bf9,0x7cfd2964,0x7e719916,0x8da5cb5b,0x97c9daf5,0x98b30942,0x9e281a98,0xa5a9c1ed,0xa70cd966,0xa8b39170,0xa8d5fd65,0xb009f341,0xb7487f56,0xbd3f04a5,0xbee491e0,0xbfaa5a7e,0xc0e8886c,0xc1528efd,0xc9b4766d,0xd0e30db0,0xdf75d236,0xe22c6128,0xe5911b7b,0xe5bf5b00,0xea7ea677,0xf490df26,0xf7888aec,0xfd80d5e2,0xfea4a7b4,0xffffffff",,False,0xBff4FfbE0fC7BACa0512f70AEA14111De55787aD,0x632b4ea3297433ba02b9e1b771ac06dae6bbec7f04cc804f8f2fd4ddfef99e36
0x3381edcf084c59837d6ef7e2a6af8c29420a9023,6.6051,2017-08-07 20:03:38+00:00,"0x29b5b30c,0x41c0e1b5,0xe5225381,0xffffffff",,False,0x42dA8a05CB7eD9A43572b5BA1B8F82A0a6E263DC,0xa89213e8a5d7e1a7180b0d2d6d7256581d9484678bba06b02821ed9ae063922d
0x83d385ec1f41b267a27cd8c3032d181d34ac1a5f,6.5976,2017-07-25 21:22:08+00:00,"0x29b5b30c,0x41c0e1b5,0xe5225381,0xffffffff",,False,0x42dA8a05CB7eD9A43572b5BA1B8F82A0a6E263DC,0x3a05dc3b3c7dd7f695da4802488874b5c6e2f60289f8a509f477ef6005e9df0a
0x1739e311ddbf1efdfbc39b74526fd8b600755ada,6.578257125,2018-05-04 14:23:32+00:00,"0x06fdde03,0x10d0ffdd,0x18160ddd,0x22609373,0x27defa1f,0x313ce567,0x3ccfd60b,0x4b750334,0x56d399e8,0x688abbf7,0x6b2f4632,0x70a08231,0x73338081,0x76be1585,0x831aba43,0x8328b610,0x8620410b,0x87c95058,0x949e8acd,0x95d89b41,0xa8e04f34,0xa9059cbb,0xb84c8246,0xbff1f9e1,0xc47f0027,0xe4849b32,0xe9fad8ee,0xf088d547,0xfdb5a03e,0xffffffff",ProofOfCommunity,True,0xcF5E795078346E0eF02e93B38Df74Bf0C08C4476,0xb1855e2f68da839a7db9060a2f94ca0088a2d22dc338c3db7df758339c8f27da
0xb1ec985cd5d4f25d713b953859f425ccaaca9e6b,6.563191088,2017-08-07 23:12:40+00:00,"0x29b5b30c,0x41c0e1b5,0xe5225381,0xffffffff",,False,0x42dA8a05CB7eD9A43572b5BA1B8F82A0a6E263DC,0xf32c89cfb5bba17a8f19c843be59d82f22ff653c1cb023c6882887c6151dce7a
0xe7600e05897e1d4b41693ce08d55bd2d17557063,6.5618046,2018-07-06 19:48:12+00:00,"0x12d7e533,0x14614af9,0x17f708fb,0x19f363bc,0x1fb75dbf,0x2b55b792,0x2d923501,0x2e1a7d4d,0x5295dfe6,0x54fd4d50,0x7c422f1d,0x853828b6,0x89fb8a48,0x9aae82c1,0xa9cc4718,0xaa0b7db7,0xc0ee0b8a,0xd3c4c4d0,0xdef86cbb,0xe7f4cc8c,0xf91c7ca3,0xfffe58a2,0xffffffff",,False,0x3DcF3f6306A86cBC9c29A5d0A1BaAeC4871baa3C,0x1efedd6e458523a49a9c99bf7a27d2ed4eea176314a284ddc94a13353bdeba4a
0xdca40538435f6baacc3652904d608566db96ef1a,6.56,2017-08-19 17:53:02+00:00,"0x29b5b30c,0x41c0e1b5,0xe5225381,0xffffffff",,False,0x42dA8a05CB7eD9A43572b5BA1B8F82A0a6E263DC,0x68aa9a2f7cab1419f5092b3fd5c3c1310d97874fc2245470a54f81f00ca069b1
0x720b3ecabc6c05de14a460cf26f890bd0723a4fc,6.538834283,2017-07-25 21:18:48+00:00,"0x29b5b30c,0x41c0e1b5,0xe5225381,0xffffffff",,False,0x42dA8a05CB7eD9A43572b5BA1B8F82A0a6E263DC,0xaeaa05af40e6436530b19476d92d81dd753c9872bfef635ea160a74f88861d7e
0xb596ee0396ee8b2f20f9e102cadbf68b10332e12,6.5,2017-08-19 18:10:46+00:00,"0x29b5b30c,0x41c0e1b5,0xe5225381,0xffffffff",,False,0x42dA8a05CB7eD9A43572b5BA1B8F82A0a6E263DC,0x0f618971bed5cecfca01895f5dd348091c2a4b5de6d3cd795cde93c4d5e561e2
0x1636878631f3262867e59bf4147bd659481c6924,6.5,2018-05-01 20:04:41+00:00,"0x14614af9,0x1642045e,0x17f708fb,0x19f363bc,0x2b55b792,0x2d923501,0x2e1a7d4d,0x390a05a8,0x4d5a8e10,0x54fd4d50,0x5bbf97f2,0x7c422f1d,0x853828b6,0x89fb8a48,0x9aae82c1,0xa9cc4718,0xc0ee0b8a,0xd0e30db0,0xd3c4c4d0,0xdef86cbb,0xe7f4cc8c,0xf251fc8c,0xf91c7ca3,0xfffe58a2,0xffffffff",,False,0x679C6b34188eCD53FbA5F8cF5340c3698EdcE7C0,0x6015c2ed98947e549291431dd1ba91b0a7fd97736a33dbe6a39cce4a9495daee
0x33920261bde5200ce34d4a184e2378e4f09f056c,6.48,2017-07-25 22:04:16+00:00,"0x29b5b30c,0x41c0e1b5,0xe5225381,0xffffffff",,False,0x42dA8a05CB7eD9A43572b5BA1B8F82A0a6E263DC,0x3493f64afd98663ff0a22d95f10390d6d4c65d766404ef30c90b283206dd53b6
0xce5b043eb57d68c104246eb4e7b7b9d43474dc23,6.4686524,2017-08-07 23:16:05+00:00,"0x29b5b30c,0x41c0e1b5,0xe5225381,0xffffffff",,False,0x42dA8a05CB7eD9A43572b5BA1B8F82A0a6E263DC,0xb4b6d9b3396f6e78a2348db48adb383b626ed13208da3d11b71c0056d35c44f8
0x6f7c330e544504f628524b636531c896004c5583,6.46536896,2017-08-18 08:01:08+00:00,"0x29b5b30c,0x41c0e1b5,0xe5225381,0xffffffff",,False,0x42dA8a05CB7eD9A43572b5BA1B8F82A0a6E263DC,0x9756f9e3bb637956af081e696dc3c55dc41b0cec5443699a4237f5c3b7f37e8e
0x58fcf11196abaeefdf23198ec4ec9c5237963e17,6.46497975,2017-12-07 05:49:48+00:00,"0x2b925b25,0x2c4e722e,0x3197cbb6,0x355274ea,0x40193883,0x4042b66f,0x44691f7e,0x4bb278f3,0x521eb273,0x78e97925,0x7d3d6522,0x8d4e4083,0x8da5cb5b,0x93e59dc1,0x9d76ea58,0xb5545a3c,0xec8ac4d8,0xecb70fb7,0xf2fde38b,0xfbfa77cf,0xfc0c546a,0xffffffff",BullTokenCrowdsale,True,0x958Ef37Ee01ab3b97e95D2957658262B1003C0Df,0x6a7bdb86e850f13d02e35cc66c0381e759519574783f5233ed1b48cf1fb2cccf
0x3da70c70b9574ff185b31d70878a8e3094603c4c,6.450809094,2018-10-31 14:36:34+00:00,"0x19774d43,0x1cfab498,0x28402841,0x2d804ca2,0x2e1a7d4d,0x338b5dea,0x410f0710,0x427f23f8,0x508493bc,0x54d03b5c,0x56ff3ba4,0x57786394,0x5befec9e,0x5e1d7ae4,0x65e17c9d,0x71ffcb16,0x731c2f81,0x78341814,0x8823a9c0,0x8e700c40,0x8f283970,0x97df573e,0x9e281a98,0xa82fe24c,0xbb5f4629,0xc281309e,0xd0e30db0,0xe8ae3e71,0xe8f6bc2e,0xf3412942,0xf37fd7d7,0xf7888aec,0xf851a440,0xffffffff",,False,0xA071ecCBa337241E412957793E915Bb70583440C,0xdf912c0558b73ddb23f300a7509800d314d8094f2a754e988491a7d66935b6e3
0x88f94705af193ea0b1571ea3856eaef744aed497,6.4495,2017-08-19 18:04:26+00:00,"0x29b5b30c,0x41c0e1b5,0xe5225381,0xffffffff",,False,0x42dA8a05CB7eD9A43572b5BA1B8F82A0a6E263DC,0x875a3e9aff15f4b3561bed0890111098da759b5b9ed0277de7c7937a4c836eb3
0xa1f3d57d51a1bd3c49d87cc7ed3ddf5b3725ab73,6.442546522,2017-08-05 00:23:03+00:00,"0x0226401d,0x062b01ce,0x0a09284a,0x13f4e977,0x1865c57d,0x1aae3460,0x1c9afcc8,0x32013ac3,0x38af3eed,0x391623b4,0x4042b66f,0x4551dd59,0x4bb278f3,0x50c67734,0x518ab2a8,0x590e1ae3,0x5da89ac0,0x5ed7ca5b,0x6203f09f,0x6e50eb3f,0x78b99c24,0x797d9437,0x7c2e08a3,0x7e99d454,0x87612102,0x8d51faec,0x8da5cb5b,0x9075becf,0x97b150ca,0x9d3c663f,0xa2077958,0xa6f2ae3a,0xa709b6e4,0xaf468682,0xb3f05b97,0xb9b8af0b,0xcb16e6d0,0xcb3e64fd,0xd5d09021,0xd7e64c00,0xde5f9866,0xeb08aa3b,0xf2fde38b,0xf3283fba,0xf8f8c095,0xfc0c546a,0xffffffff",,False,0x0795B431cA37B513BD8FBa8eD070Ac6244ABF958,0xba9f241476bb3bbab9dab7438d4fd57f8118d1eb35b36ba592901f784e0266ad
0xbff6f0cfb7684f2dddd136a24095cf308334c4a9,6.416943721,2018-08-21 19:02:46+00:00,"0x2a9a38f6,0x338a71f1,0x3ccfd60b,0x3f4ba83a,0x43d726d6,0x49fa1d67,0x4d37899f,0x4e71d92d,0x4f585dc8,0x5c975abb,0x70a08231,0x7e1c0c09,0x7efbc365,0x8456cb59,0x86644c77,0x8da5cb5b,0xabc6fd0b,0xac4800af,0xb6b55f25,0xbf95c78d,0xc6788bdd,0xdb16b47b,0xeeb4a9c8,0xf2fde38b,0xfc0c546a,0xfc7e286d,0xffffffff",,False,0x10345Ee34573fa41d0e66f3a3a33a3967838405f,0x0e5586f8a984304db6beca777afc5767e2f518390ddccd75a14279cb5638b9f7
0xc3e853dd42e53d2868f2572bd2a914efe79d7d64,6.396818359,2017-08-07 19:53:09+00:00,"0x29b5b30c,0x41c0e1b5,0xe5225381,0xffffffff",,False,0x42dA8a05CB7eD9A43572b5BA1B8F82A0a6E263DC,0x38d156bf0daed84bf2c117fb00998d6834dd1979a2e34b0a57f6e912d63c4793
0xe9ea63892a272a93ab4ce831d749ac8d7460849b,6.38896844,2017-08-07 19:47:13+00:00,"0x29b5b30c,0x41c0e1b5,0xe5225381,0xffffffff",,False,0x42dA8a05CB7eD9A43572b5BA1B8F82A0a6E263DC,0x94b7a9c5ca95cc93ee8584e0ab6d04ea574d5b56326f3dff045b0e6fb732198d
0x347a91cf1f5acb587149302eeb9c6924f9b503f1,6.382057805,2017-03-05 14:56:15+00:00,"0x41c0e1b5,0xe5225381",,False,0x42dA8a05CB7eD9A43572b5BA1B8F82A0a6E263DC,0x889d3da75c312e359b3faf28e127fb220260e5fb705578cd4f9d4270a8e38769
0xe9d9bf2b3936aba008c36f6bb6620648ba61dbb0,6.3445138,2017-08-07 20:39:03+00:00,"0x29b5b30c,0x41c0e1b5,0xe5225381,0xffffffff",,False,0x42dA8a05CB7eD9A43572b5BA1B8F82A0a6E263DC,0xe34c21b132b009349ac5529ca77de6ac2b5e0cf3291e9ab42272eb3743755228
0x7481ac1406c0efab8c37cceb8c556d6b343fb8f0,6.332363008,2017-08-07 20:46:21+00:00,"0x29b5b30c,0x41c0e1b5,0xe5225381,0xffffffff",,False,0x42dA8a05CB7eD9A43572b5BA1B8F82A0a6E263DC,0xc483e91d9941aad7208fb4ca70330f21ee517c56023b7183669aa7756f833b3d
0x3c70ed0a0f75dde33244e5d77a6a70144d95bb73,6.321743583,2017-07-25 21:24:21+00:00,"0x29b5b30c,0x41c0e1b5,0xe5225381,0xffffffff",,False,0x42dA8a05CB7eD9A43572b5BA1B8F82A0a6E263DC,0xb00db049b398dd52f2ade9b54f72d05777446b16a1b0a84f94e166e9dfce55c8
0xa0e8bf2b304a9761cbbf82369182f748cbeae6b5,6.321,2018-05-16 11:42:27+00:00,"0x0a19b14a,0x0b927666,0x19774d43,0x278b8c0e,0x2d804ca2,0x2e1a7d4d,0x338b5dea,0x508493bc,0x54d03b5c,0x57786394,0x5e1d7ae4,0x65e17c9d,0x6c86888b,0x71ffcb16,0x731c2f81,0x8823a9c0,0x8f283970,0x9e281a98,0xbb5f4629,0xc281309e,0xd0e30db0,0xe8f6bc2e,0xf3412942,0xf7888aec,0xf851a440,0xfb6e155f,0xffffffff",,False,0xE2517034C9551bD5510d4e6050806f2fB44021E3,0xcd49a5b58b84ab86469cca5ad1c64cebd290d2793af374ba49981804081d4af0
0x3e9728d0adfb4a13dcede8c89a83c06f90223850,6.32,2018-05-31 11:15:49+00:00,"0x14614af9,0x1642045e,0x17f708fb,0x19f363bc,0x2b55b792,0x2d923501,0x2e1a7d4d,0x390a05a8,0x4d5a8e10,0x54fd4d50,0x5bbf97f2,0x7c422f1d,0x853828b6,0x89fb8a48,0x9aae82c1,0xa9cc4718,0xc0ee0b8a,0xd0e30db0,0xd3c4c4d0,0xdef86cbb,0xe7f4cc8c,0xf251fc8c,0xf91c7ca3,0xfffe58a2,0xffffffff",,False,0x709e6942CF5203123F2640B3d15de98e42b45605,0x4789a66e0cd172fdb09e2b6392e58e7f78c550295b0bb2217bbdf4055efa3ea5
0x8888882056160e5ff4a0f26607d4a05bc506ca8c,6.307310746,2019-01-12 11:45:49+00:00,"0x026db21d,0x034dc84c,0x060ccbc5,0x07c2e449,0x08b254a7,0x095db925,0x0a890a53,0x0cafabd8,0x0e4b8389,0x131de517,0x165035e2,0x182ef78e,0x1b112541,0x1b681a28,0x23ba467a,0x2a6f7c39,0x2c3f1304,0x2e10923f,0x2fa23c71,0x30b4d752,0x3406eb9a,0x34d5f37b,0x3715a4f6,0x3865bf3a,0x388ca80f,0x38948c53,0x3d4cdb22,0x43c0d38c,0x45f6e10d,0x480bc31f,0x48cd5a60,0x492cc769,0x4bb278f3,0x50b0952b,0x50f49db1,0x52620c79,0x58e5bc88,0x5a35eb7c,0x5af89094,0x5c03cbe4,0x6067be79,0x6713e2fe,0x67b40cf7,0x683e2929,0x690eb3f8,0x6c85e319,0x6ea69d62,0x7289f28e,0x7495a1e4,0x7bb8590d,0x863e76db,0x98fc1d1e,0x9c323436,0x9eca672c,0xa099d079,0xa45d7965,0xa5603f02,0xa90c4ff2,0xb70e286c,0xba63abd6,0xbaf4e136,0xbd11ab08,0xbe20f9ac,0xbe9ebd71,0xc90954a1,0xcac49772,0xd24bcf54,0xd3dcc175,0xd44a3d12,0xd5a849e9,0xdbe2e296,0xe0d4ea37,0xe5a758a4,0xeb95f0bf,0xf1671b56,0xf1a9af89,0xf215bc3e,0xf2e1b1cc,0xf5f6a538,0xf6c6b731,0xf9301910,0xffffffff",Lottery,True,0x615344d5C1744D3C27032F8D03789555F123922b,0x8461e9af8f918ca8277384f54026e02198b9c602a569faa99fc07773f8ffe9fb
0xca37844709a0df3b0baf98798738c90008f492d3,6.305,2017-07-25 21:41:28+00:00,"0x29b5b30c,0x41c0e1b5,0xe5225381,0xffffffff",,False,0x42dA8a05CB7eD9A43572b5BA1B8F82A0a6E263DC,0x2d7958569f792eb8cfbba532d6268b9e57c734d95bb03da696cdf5f7f04da70e
0x0dff46b0d3439f2098274fcf50cb210cf5bf4828,6.303420008,2017-08-07 21:31:38+00:00,"0x29b5b30c,0x41c0e1b5,0xe5225381,0xffffffff",,False,0x42dA8a05CB7eD9A43572b5BA1B8F82A0a6E263DC,0x14208903e28702ec3244c82404b3fd05d9a7d9e4518386fad8d02666f7beb44e
